num,title,year,img,rate,vote,url,id,file,imdb
1,肖申克的救赎,1994,https://img2.doubanio.com/view/photo/s_ratio_poster/public/p480747492.jpg,9.7,2921219人评价,https://movie.douban.com/subject/1292052/,tt0111161,D:\T\Documents\VSCode\js\media\top250\douban\douban-1.html,1
2,霸王别姬,1993,https://img1.doubanio.com/view/photo/s_ratio_poster/public/p2561716440.jpg,9.6,2156584人评价,https://movie.douban.com/subject/1291546/,tt0106332,D:\T\Documents\VSCode\js\media\top250\douban\douban-2.html,
3,阿甘正传,1994,https://img2.doubanio.com/view/photo/s_ratio_poster/public/p2372307693.jpg,9.5,2177786人评价,https://movie.douban.com/subject/1292720/,tt0109830,D:\T\Documents\VSCode\js\media\top250\douban\douban-3.html,11
4,泰坦尼克号,1997,https://img2.doubanio.com/view/photo/s_ratio_poster/public/p2896604953.jpg,9.5,2210336人评价,https://movie.douban.com/subject/1292722/,tt0120338,D:\T\Documents\VSCode\js\media\top250\douban\douban-4.html,
5,这个杀手不太冷,1994,https://img2.doubanio.com/view/photo/s_ratio_poster/public/p511118051.jpg,9.4,2311121人评价,https://movie.douban.com/subject/1295644/,tt0110413,D:\T\Documents\VSCode\js\media\top250\douban\douban-5.html,38
6,千与千寻,2001,https://img1.doubanio.com/view/photo/s_ratio_poster/public/p2557573348.jpg,9.4,2261694人评价,https://movie.douban.com/subject/1291561/,tt0245429,D:\T\Documents\VSCode\js\media\top250\douban\douban-6.html,32
7,美丽人生,1997,https://img2.doubanio.com/view/photo/s_ratio_poster/public/p2578474613.jpg,9.6,1336048人评价,https://movie.douban.com/subject/1292063/,tt0118799,D:\T\Documents\VSCode\js\media\top250\douban\douban-7.html,27
8,星际穿越,2014,https://img1.doubanio.com/view/photo/s_ratio_poster/public/p2614988097.jpg,9.4,1861737人评价,https://movie.douban.com/subject/1889243/,tt0816692,D:\T\Documents\VSCode\js\media\top250\douban\douban-8.html,24
9,辛德勒的名单,1993,https://img2.doubanio.com/view/photo/s_ratio_poster/public/p492406163.jpg,9.6,1114230人评价,https://movie.douban.com/subject/1295124/,tt0108052,D:\T\Documents\VSCode\js\media\top250\douban\douban-9.html,6
10,盗梦空间,2010,https://img9.doubanio.com/view/photo/s_ratio_poster/public/p513344864.jpg,9.4,2081310人评价,https://movie.douban.com/subject/3541415/,tt1375666,D:\T\Documents\VSCode\js\media\top250\douban\douban-10.html,14
11,楚门的世界,1998,https://img2.doubanio.com/view/photo/s_ratio_poster/public/p479682972.jpg,9.4,1727831人评价,https://movie.douban.com/subject/1292064/,tt0120382,D:\T\Documents\VSCode\js\media\top250\douban\douban-11.html,137
12,忠犬八公的故事,2009,https://img1.doubanio.com/view/photo/s_ratio_poster/public/p2587099240.jpg,9.4,1407839人评价,https://movie.douban.com/subject/3011091/,tt1028532,D:\T\Documents\VSCode\js\media\top250\douban\douban-12.html,232
13,海上钢琴师,1998,https://img9.doubanio.com/view/photo/s_ratio_poster/public/p2574551676.jpg,9.3,1689661人评价,https://movie.douban.com/subject/1292001/,tt0120731,D:\T\Documents\VSCode\js\media\top250\douban\douban-13.html,
14,三傻大闹宝莱坞,2009,https://img2.doubanio.com/view/photo/s_ratio_poster/public/p579729551.jpg,9.2,1871935人评价,https://movie.douban.com/subject/3793023/,tt1187043,D:\T\Documents\VSCode\js\media\top250\douban\douban-14.html,85
15,放牛班的春天,2004,https://img1.doubanio.com/view/photo/s_ratio_poster/public/p2884280708.jpg,9.3,1321589人评价,https://movie.douban.com/subject/1291549/,tt0372824,D:\T\Documents\VSCode\js\media\top250\douban\douban-15.html,
16,机器人总动员,2008,https://img2.doubanio.com/view/photo/s_ratio_poster/public/p1461851991.jpg,9.3,1325860人评价,https://movie.douban.com/subject/2131459/,tt0910970,D:\T\Documents\VSCode\js\media\top250\douban\douban-16.html,59
17,疯狂动物城,2016,https://img2.doubanio.com/view/photo/s_ratio_poster/public/p2896589742.jpg,9.2,1956677人评价,https://movie.douban.com/subject/25662329/,tt2948356,D:\T\Documents\VSCode\js\media\top250\douban\douban-17.html,
18,无间道,2002,https://img2.doubanio.com/view/photo/s_ratio_poster/public/p2564556863.jpg,9.3,1375646人评价,https://movie.douban.com/subject/1307914/,tt0338564,D:\T\Documents\VSCode\js\media\top250\douban\douban-18.html,
19,控方证人,1957,https://img1.doubanio.com/view/photo/s_ratio_poster/public/p1505392928.jpg,9.6,568762人评价,https://movie.douban.com/subject/1296141/,tt0051201,D:\T\Documents\VSCode\js\media\top250\douban\douban-19.html,66
20,大话西游之大圣娶亲,1995,https://img9.doubanio.com/view/photo/s_ratio_poster/public/p2455050536.jpg,9.2,1544787人评价,https://movie.douban.com/subject/1292213/,tt0114996,D:\T\Documents\VSCode\js\media\top250\douban\douban-20.html,
21,熔炉,2011,https://img9.doubanio.com/view/photo/s_ratio_poster/public/p1363250216.jpg,9.4,937574人评价,https://movie.douban.com/subject/5912992/,tt2070649,D:\T\Documents\VSCode\js\media\top250\douban\douban-21.html,
22,教父,1972,https://img9.doubanio.com/view/photo/s_ratio_poster/public/p616779645.jpg,9.3,975830人评价,https://movie.douban.com/subject/1291841/,tt0068646,D:\T\Documents\VSCode\js\media\top250\douban\douban-22.html,2
23,触不可及,2011,https://img9.doubanio.com/view/photo/s_ratio_poster/public/p1454261925.jpg,9.3,1124648人评价,https://movie.douban.com/subject/6786002/,tt1675434,D:\T\Documents\VSCode\js\media\top250\douban\douban-23.html,48
24,当幸福来敲门,2006,https://img9.doubanio.com/view/photo/s_ratio_poster/public/p2614359276.jpg,9.2,1530959人评价,https://movie.douban.com/subject/1849031/,tt0454921,D:\T\Documents\VSCode\js\media\top250\douban\douban-24.html,
25,末代皇帝,1987,https://img2.doubanio.com/view/photo/s_ratio_poster/public/p452089833.jpg,9.3,893746人评价,https://movie.douban.com/subject/1293172/,tt0093389,D:\T\Documents\VSCode\js\media\top250\douban\douban-25.html,
26,龙猫,1988,https://img9.doubanio.com/view/photo/s_ratio_poster/public/p2540924496.jpg,9.2,1276175人评价,https://movie.douban.com/subject/1291560/,tt0096283,D:\T\Documents\VSCode\js\media\top250\douban\douban-26.html,175
27,寻梦环游记,2017,https://img1.doubanio.com/view/photo/s_ratio_poster/public/p2896589968.jpg,9.1,1698124人评价,https://movie.douban.com/subject/20495023/,tt2380307,D:\T\Documents\VSCode\js\media\top250\douban\douban-27.html,74
28,怦然心动,2010,https://img1.doubanio.com/view/photo/s_ratio_poster/public/p501177648.jpg,9.1,1846840人评价,https://movie.douban.com/subject/3319755/,tt0817177,D:\T\Documents\VSCode\js\media\top250\douban\douban-28.html,
29,活着,1994,https://img1.doubanio.com/view/photo/s_ratio_poster/public/p2597919477.jpg,9.3,852114人评价,https://movie.douban.com/subject/1292365/,tt0110081,D:\T\Documents\VSCode\js\media\top250\douban\douban-29.html,
30,蝙蝠侠：黑暗骑士,2008,https://img2.doubanio.com/view/photo/s_ratio_poster/public/p462657443.jpg,9.2,1069288人评价,https://movie.douban.com/subject/1851857/,tt0468569,D:\T\Documents\VSCode\js\media\top250\douban\douban-30.html,3
31,哈利·波特与魔法石,2001,https://img9.doubanio.com/view/photo/s_ratio_poster/public/p2614949805.jpg,9.2,1203761人评价,https://movie.douban.com/subject/1295038/,tt0241527,D:\T\Documents\VSCode\js\media\top250\douban\douban-31.html,
32,指环王3：王者无敌,2003,https://img2.doubanio.com/view/photo/s_ratio_poster/public/p2642829472.jpg,9.3,809813人评价,https://movie.douban.com/subject/1291552/,tt0167260,D:\T\Documents\VSCode\js\media\top250\douban\douban-32.html,7
33,我不是药神,2018,https://img9.doubanio.com/view/photo/s_ratio_poster/public/p2561305376.jpg,9.0,2121828人评价,https://movie.douban.com/subject/26752088/,tt7362036,D:\T\Documents\VSCode\js\media\top250\douban\douban-33.html,
34,乱世佳人,1939,https://img1.doubanio.com/view/photo/s_ratio_poster/public/p1963126880.jpg,9.3,696943人评价,https://movie.douban.com/subject/1300267/,tt0031381,D:\T\Documents\VSCode\js\media\top250\douban\douban-34.html,158
35,飞屋环游记,2009,https://img1.doubanio.com/view/photo/s_ratio_poster/public/p2896589700.jpg,9.1,1336389人评价,https://movie.douban.com/subject/2129039/,tt1049413,D:\T\Documents\VSCode\js\media\top250\douban\douban-35.html,112
36,素媛,2013,https://img9.doubanio.com/view/photo/s_ratio_poster/public/p2118532944.jpg,9.3,692114人评价,https://movie.douban.com/subject/21937452/,tt3153634,D:\T\Documents\VSCode\js\media\top250\douban\douban-36.html,
37,哈尔的移动城堡,2004,https://img1.doubanio.com/view/photo/s_ratio_poster/public/p2174346180.jpg,9.1,1034858人评价,https://movie.douban.com/subject/1308807/,tt0347149,D:\T\Documents\VSCode\js\media\top250\douban\douban-37.html,159
38,十二怒汉,1957,https://img2.doubanio.com/view/photo/s_ratio_poster/public/p2173577632.jpg,9.4,495271人评价,https://movie.douban.com/subject/1293182/,tt0050083,D:\T\Documents\VSCode\js\media\top250\douban\douban-38.html,5
39,何以为家,2018,https://img1.doubanio.com/view/photo/s_ratio_poster/public/p2555295759.jpg,9.1,1052474人评价,https://movie.douban.com/subject/30170448/,tt8267604,D:\T\Documents\VSCode\js\media\top250\douban\douban-39.html,89
40,摔跤吧！爸爸,2016,https://img1.doubanio.com/view/photo/s_ratio_poster/public/p2401676338.jpg,9.0,1580747人评价,https://movie.douban.com/subject/26387939/,tt5074352,D:\T\Documents\VSCode\js\media\top250\douban\douban-40.html,126
41,让子弹飞,2010,https://img1.doubanio.com/view/photo/s_ratio_poster/public/p1512562287.jpg,9.0,1712233人评价,https://movie.douban.com/subject/3742360/,tt1533117,D:\T\Documents\VSCode\js\media\top250\douban\douban-41.html,
42,天空之城,1986,https://img1.doubanio.com/view/photo/s_ratio_poster/public/p2892380420.jpg,9.2,881526人评价,https://movie.douban.com/subject/1291583/,tt0092067,D:\T\Documents\VSCode\js\media\top250\douban\douban-42.html,
43,猫鼠游戏,2002,https://img2.doubanio.com/view/photo/s_ratio_poster/public/p453924541.jpg,9.1,1035540人评价,https://movie.douban.com/subject/1305487/,tt0264464,D:\T\Documents\VSCode\js\media\top250\douban\douban-43.html,174
44,鬼子来了,2000,https://img1.doubanio.com/view/photo/s_ratio_poster/public/p776573640.jpg,9.3,631462人评价,https://movie.douban.com/subject/1291858/,tt0245929,D:\T\Documents\VSCode\js\media\top250\douban\douban-44.html,
45,少年派的奇幻漂流,2012,https://img9.doubanio.com/view/photo/s_ratio_poster/public/p2896590696.jpg,9.1,1357816人评价,https://movie.douban.com/subject/1929463/,tt0454876,D:\T\Documents\VSCode\js\media\top250\douban\douban-45.html,
46,海蒂和爷爷,2015,https://img9.doubanio.com/view/photo/s_ratio_poster/public/p2554525534.jpg,9.3,622235人评价,https://movie.douban.com/subject/25958717/,tt3700392,D:\T\Documents\VSCode\js\media\top250\douban\douban-46.html,
47,钢琴家,2002,https://img2.doubanio.com/view/photo/s_ratio_poster/public/p1381339291.jpg,9.3,646294人评价,https://movie.douban.com/subject/1296736/,tt0253474,D:\T\Documents\VSCode\js\media\top250\douban\douban-47.html,33
48,大话西游之月光宝盒,1995,https://img2.doubanio.com/view/photo/s_ratio_poster/public/p2561721372.jpg,9.0,1229870人评价,https://movie.douban.com/subject/1299398/,tt0112778,D:\T\Documents\VSCode\js\media\top250\douban\douban-48.html,
49,指环王2：双塔奇兵,2002,https://img9.doubanio.com/view/photo/s_ratio_poster/public/p2640236255.jpg,9.2,759495人评价,https://movie.douban.com/subject/1291572/,tt0167261,D:\T\Documents\VSCode\js\media\top250\douban\douban-49.html,13
50,闻香识女人,1992,https://img1.doubanio.com/view/photo/s_ratio_poster/public/p2550757929.jpg,9.1,892485人评价,https://movie.douban.com/subject/1298624/,tt0105323,D:\T\Documents\VSCode\js\media\top250\douban\douban-50.html,
51,罗马假日,1953,https://img9.doubanio.com/view/photo/s_ratio_poster/public/p2189265085.jpg,9.1,956613人评价,https://movie.douban.com/subject/1293839/,tt0046250,D:\T\Documents\VSCode\js\media\top250\douban\douban-51.html,
52,死亡诗社,1989,https://img1.doubanio.com/view/photo/s_ratio_poster/public/p2575465690.jpg,9.2,733510人评价,https://movie.douban.com/subject/1291548/,tt0097165,D:\T\Documents\VSCode\js\media\top250\douban\douban-52.html,200
53,绿皮书,2018,https://img2.doubanio.com/view/photo/s_ratio_poster/public/p2531065411.jpg,8.9,1663073人评价,https://movie.douban.com/subject/27060077/,tt6966692,D:\T\Documents\VSCode\js\media\top250\douban\douban-53.html,134
54,天堂电影院,1988,https://img1.doubanio.com/view/photo/s_ratio_poster/public/p2653054340.jpg,9.2,682689人评价,https://movie.douban.com/subject/1291828/,tt0095765,D:\T\Documents\VSCode\js\media\top250\douban\douban-54.html,50
55,大闹天宫,1961(中国大陆),https://img1.doubanio.com/view/photo/s_ratio_poster/public/p2184505167.jpg,9.4,442268人评价,https://movie.douban.com/subject/1418019/,tt0059855,D:\T\Documents\VSCode\js\media\top250\douban\douban-55.html,
56,指环王1：护戒使者,2001,https://img9.doubanio.com/view/photo/s_ratio_poster/public/p2197698335.jpg,9.1,853914人评价,https://movie.douban.com/subject/1291571/,tt0120737,D:\T\Documents\VSCode\js\media\top250\douban\douban-56.html,9
57,黑客帝国,1999,https://img1.doubanio.com/view/photo/s_ratio_poster/public/p451926968.jpg,9.1,843874人评价,https://movie.douban.com/subject/1291843/,tt0133093,D:\T\Documents\VSCode\js\media\top250\douban\douban-57.html,16
58,教父2,1974,https://img1.doubanio.com/view/photo/s_ratio_poster/public/p2194138787.jpg,9.3,557513人评价,https://movie.douban.com/subject/1299131/,tt0071562,D:\T\Documents\VSCode\js\media\top250\douban\douban-58.html,4
59,狮子王,1994,https://img9.doubanio.com/view/photo/s_ratio_poster/public/p2896590826.jpg,9.1,849765人评价,https://movie.douban.com/subject/1301753/,tt0110357,D:\T\Documents\VSCode\js\media\top250\douban\douban-59.html,37
60,辩护人,2013,https://img9.doubanio.com/view/photo/s_ratio_poster/public/p2158166535.jpg,9.2,592284人评价,https://movie.douban.com/subject/21937445/,tt3404140,D:\T\Documents\VSCode\js\media\top250\douban\douban-60.html,
61,饮食男女,1994,https://img2.doubanio.com/view/photo/s_ratio_poster/public/p1910899751.jpg,9.2,625811人评价,https://movie.douban.com/subject/1291818/,tt0111797,D:\T\Documents\VSCode\js\media\top250\douban\douban-61.html,
62,搏击俱乐部,1999,https://img2.doubanio.com/view/photo/s_ratio_poster/public/p1910931622.jpg,9.0,851996人评价,https://movie.douban.com/subject/1292000/,tt0137523,D:\T\Documents\VSCode\js\media\top250\douban\douban-62.html,12
63,美丽心灵,2001,https://img1.doubanio.com/view/photo/s_ratio_poster/public/p1665997400.jpg,9.1,774126人评价,https://movie.douban.com/subject/1306029/,tt0268978,D:\T\Documents\VSCode\js\media\top250\douban\douban-63.html,146
64,本杰明·巴顿奇事,2008,https://img2.doubanio.com/view/photo/s_ratio_poster/public/p2192535722.jpg,9.0,989587人评价,https://movie.douban.com/subject/1485260/,tt0421715,D:\T\Documents\VSCode\js\media\top250\douban\douban-64.html,
65,穿条纹睡衣的男孩,2008,https://img2.doubanio.com/view/photo/s_ratio_poster/public/p1473670352.jpg,9.2,569871人评价,https://movie.douban.com/subject/3008247/,tt0914798,D:\T\Documents\VSCode\js\media\top250\douban\douban-65.html,
66,窃听风暴,2006,https://img1.doubanio.com/view/photo/s_ratio_poster/public/p1808872109.jpg,9.2,568503人评价,https://movie.douban.com/subject/1900841/,tt0405094,D:\T\Documents\VSCode\js\media\top250\douban\douban-66.html,60
67,情书,1995,https://img1.doubanio.com/view/photo/s_ratio_poster/public/p2648230660.jpg,8.9,1123026人评价,https://movie.douban.com/subject/1292220/,tt0113703,D:\T\Documents\VSCode\js\media\top250\douban\douban-67.html,
68,两杆大烟枪,1998,https://img1.doubanio.com/view/photo/s_ratio_poster/public/p792443418.jpg,9.1,598786人评价,https://movie.douban.com/subject/1293350/,tt0120735,D:\T\Documents\VSCode\js\media\top250\douban\douban-68.html,164
69,西西里的美丽传说,2000,https://img1.doubanio.com/view/photo/s_ratio_poster/public/p2441988159.jpg,8.9,982168人评价,https://movie.douban.com/subject/1292402/,tt0213847,D:\T\Documents\VSCode\js\media\top250\douban\douban-69.html,
70,看不见的客人,2016,https://img9.doubanio.com/view/photo/s_ratio_poster/public/p2498971355.jpg,8.8,1279478人评价,https://movie.douban.com/subject/26580232/,tt4857264,D:\T\Documents\VSCode\js\media\top250\douban\douban-70.html,
71,音乐之声,1965,https://img1.doubanio.com/view/photo/s_ratio_poster/public/p453788577.jpg,9.1,607337人评价,https://movie.douban.com/subject/1294408/,tt0059742,D:\T\Documents\VSCode\js\media\top250\douban\douban-71.html,241
72,阿凡达,2009,https://img1.doubanio.com/view/photo/s_ratio_poster/public/p2896589067.jpg,8.8,1431218人评价,https://movie.douban.com/subject/1652587/,tt0499549,D:\T\Documents\VSCode\js\media\top250\douban\douban-72.html,
73,拯救大兵瑞恩,1998,https://img9.doubanio.com/view/photo/s_ratio_poster/public/p1014542496.jpg,9.1,651667人评价,https://movie.douban.com/subject/1292849/,tt0120815,D:\T\Documents\VSCode\js\media\top250\douban\douban-73.html,25
74,哈利·波特与死亡圣器(下),2011,https://img2.doubanio.com/view/photo/s_ratio_poster/public/p917846733.jpg,9.0,839332人评价,https://movie.douban.com/subject/3011235/,tt1201607,D:\T\Documents\VSCode\js\media\top250\douban\douban-74.html,178
75,飞越疯人院,1975,https://img1.doubanio.com/view/photo/s_ratio_poster/public/p792238287.jpg,9.1,550555人评价,https://movie.douban.com/subject/1292224/,tt0073486,D:\T\Documents\VSCode\js\media\top250\douban\douban-75.html,18
76,小鞋子,1997,https://img9.doubanio.com/view/photo/s_ratio_poster/public/p2165511465.jpg,9.2,414165人评价,https://movie.douban.com/subject/1303021/,tt0118849,D:\T\Documents\VSCode\js\media\top250\douban\douban-76.html,179
77,沉默的羔羊,1991,https://img1.doubanio.com/view/photo/s_ratio_poster/public/p1593414327.jpg,8.9,896566人评价,https://movie.douban.com/subject/1293544/,tt0102926,D:\T\Documents\VSCode\js\media\top250\douban\douban-77.html,23
78,布达佩斯大饭店,2014,https://img9.doubanio.com/view/photo/s_ratio_poster/public/p2896589466.jpg,8.9,943471人评价,https://movie.douban.com/subject/11525673/,tt2278388,D:\T\Documents\VSCode\js\media\top250\douban\douban-78.html,184
79,禁闭岛,2010,https://img1.doubanio.com/view/photo/s_ratio_poster/public/p450262388.jpg,8.9,985324人评价,https://movie.douban.com/subject/2334904/,tt1130884,D:\T\Documents\VSCode\js\media\top250\douban\douban-79.html,141
80,功夫,2004,https://img1.doubanio.com/view/photo/s_ratio_poster/public/p2219011938.jpg,8.8,1144437人评价,https://movie.douban.com/subject/1291543/,tt0373074,D:\T\Documents\VSCode\js\media\top250\douban\douban-80.html,
81,蝴蝶效应,2004,https://img1.doubanio.com/view/photo/s_ratio_poster/public/p2209066019.jpg,8.9,945255人评价,https://movie.douban.com/subject/1292343/,tt0289879,D:\T\Documents\VSCode\js\media\top250\douban\douban-81.html,
82,致命魔术,2006,https://img9.doubanio.com/view/photo/s_ratio_poster/public/p480383375.jpg,8.9,866730人评价,https://movie.douban.com/subject/1780330/,tt0482571,D:\T\Documents\VSCode\js\media\top250\douban\douban-82.html,43
83,哈利·波特与阿兹卡班的囚徒,2004,https://img1.doubanio.com/view/photo/s_ratio_poster/public/p1910812549.jpg,8.9,738584人评价,https://movie.douban.com/subject/1291544/,tt0304141,D:\T\Documents\VSCode\js\media\top250\douban\douban-83.html,
84,心灵捕手,1997,https://img9.doubanio.com/view/photo/s_ratio_poster/public/p480965695.jpg,8.9,719253人评价,https://movie.douban.com/subject/1292656/,tt0119217,D:\T\Documents\VSCode\js\media\top250\douban\douban-84.html,82
85,海豚湾,2009,https://img1.doubanio.com/view/photo/s_ratio_poster/public/p2559579779.jpg,9.3,358886人评价,https://movie.douban.com/subject/3442220/,tt1313104,D:\T\Documents\VSCode\js\media\top250\douban\douban-85.html,
86,超脱,2011,https://img2.doubanio.com/view/photo/s_ratio_poster/public/p1305562621.jpg,9.0,607314人评价,https://movie.douban.com/subject/5322596/,tt1683526,D:\T\Documents\VSCode\js\media\top250\douban\douban-86.html,
87,低俗小说,1994,https://img2.doubanio.com/view/photo/s_ratio_poster/public/p1910902213.jpg,8.9,839609人评价,https://movie.douban.com/subject/1291832/,tt0110912,D:\T\Documents\VSCode\js\media\top250\douban\douban-87.html,8
88,春光乍泄,1997,https://img2.doubanio.com/view/photo/s_ratio_poster/public/p465939041.jpg,9.0,636947人评价,https://movie.douban.com/subject/1292679/,tt0118845,D:\T\Documents\VSCode\js\media\top250\douban\douban-88.html,
89,摩登时代,1936,https://img1.doubanio.com/view/photo/s_ratio_poster/public/p2263408369.jpg,9.3,303866人评价,https://movie.douban.com/subject/1294371/,tt0027977,D:\T\Documents\VSCode\js\media\top250\douban\douban-89.html,49
90,美国往事,1984,https://img1.doubanio.com/view/photo/s_ratio_poster/public/p477229647.jpg,9.2,414353人评价,https://movie.douban.com/subject/1292262/,tt0087843,D:\T\Documents\VSCode\js\media\top250\douban\douban-90.html,83
91,喜剧之王,1999,https://img1.doubanio.com/view/photo/s_ratio_poster/public/p2579932167.jpg,8.8,977564人评价,https://movie.douban.com/subject/1302425/,tt0188766,D:\T\Documents\VSCode\js\media\top250\douban\douban-91.html,
92,致命ID,2003,https://img9.doubanio.com/view/photo/s_ratio_poster/public/p2558364386.jpg,8.9,831792人评价,https://movie.douban.com/subject/1297192/,tt0309698,D:\T\Documents\VSCode\js\media\top250\douban\douban-92.html,
93,杀人回忆,2003,https://img1.doubanio.com/view/photo/s_ratio_poster/public/p1633113220.jpg,8.9,720548人评价,https://movie.douban.com/subject/1300299/,tt0353969,D:\T\Documents\VSCode\js\media\top250\douban\douban-93.html,192
94,七宗罪,1995,https://img9.doubanio.com/view/photo/s_ratio_poster/public/p2219586434.jpg,8.8,948321人评价,https://movie.douban.com/subject/1292223/,tt0114369,D:\T\Documents\VSCode\js\media\top250\douban\douban-94.html,20
95,红辣椒,2006,https://img1.doubanio.com/view/photo/s_ratio_poster/public/p456825720.jpg,9.1,468924人评价,https://movie.douban.com/subject/1865703/,tt0851578,D:\T\Documents\VSCode\js\media\top250\douban\douban-95.html,
96,加勒比海盗,2003,https://img9.doubanio.com/view/photo/s_ratio_poster/public/p2896589545.jpg,8.8,865716人评价,https://movie.douban.com/subject/1298070/,tt0325980,D:\T\Documents\VSCode\js\media\top250\douban\douban-96.html,229
97,哈利·波特与密室,2002,https://img1.doubanio.com/view/photo/s_ratio_poster/public/p1082651990.jpg,8.9,765889人评价,https://movie.douban.com/subject/1296996/,tt0295297,D:\T\Documents\VSCode\js\media\top250\douban\douban-97.html,
98,一一,2000,https://img2.doubanio.com/view/photo/s_ratio_poster/public/p2567845803.jpg,9.1,398188人评价,https://movie.douban.com/subject/1292434/,tt0244316,D:\T\Documents\VSCode\js\media\top250\douban\douban-98.html,
99,狩猎,2012,https://img1.doubanio.com/view/photo/s_ratio_poster/public/p1546987967.jpg,9.1,395309人评价,https://movie.douban.com/subject/6985810/,tt2106476,D:\T\Documents\VSCode\js\media\top250\douban\douban-99.html,95
100,唐伯虎点秋香,1993,https://img9.doubanio.com/view/photo/s_ratio_poster/public/p2357915564.jpg,8.7,1088406人评价,https://movie.douban.com/subject/1306249/,tt0108289,D:\T\Documents\VSCode\js\media\top250\douban\douban-100.html,
101,7号房的礼物,2013,https://img9.doubanio.com/view/photo/s_ratio_poster/public/p1816276065.jpg,8.9,561186人评价,https://movie.douban.com/subject/10777687/,tt2659414,D:\T\Documents\VSCode\js\media\top250\douban\douban-101.html,
102,被嫌弃的松子的一生,2006,https://img9.doubanio.com/view/photo/s_ratio_poster/public/p884763596.jpg,8.9,707706人评价,https://movie.douban.com/subject/1787291/,tt0768120,D:\T\Documents\VSCode\js\media\top250\douban\douban-102.html,
103,请以你的名字呼唤我,2017,https://img1.doubanio.com/view/photo/s_ratio_poster/public/p2505525050.jpg,8.9,728184人评价,https://movie.douban.com/subject/26799731/,tt5726616,D:\T\Documents\VSCode\js\media\top250\douban\douban-103.html,
104,断背山,2005,https://img1.doubanio.com/view/photo/s_ratio_poster/public/p2604889017.jpg,8.8,710932人评价,https://movie.douban.com/subject/1418834/,tt0388795,D:\T\Documents\VSCode\js\media\top250\douban\douban-104.html,
105,蝙蝠侠：黑暗骑士崛起,2012,https://img9.doubanio.com/view/photo/s_ratio_poster/public/p1706428744.jpg,8.8,727903人评价,https://movie.douban.com/subject/3395373/,tt1345836,D:\T\Documents\VSCode\js\media\top250\douban\douban-105.html,69
106,剪刀手爱德华,1990,https://img1.doubanio.com/view/photo/s_ratio_poster/public/p2896589720.jpg,8.7,1040102人评价,https://movie.douban.com/subject/1292370/,tt0099487,D:\T\Documents\VSCode\js\media\top250\douban\douban-106.html,
107,爱在黎明破晓前,1995,https://img9.doubanio.com/view/photo/s_ratio_poster/public/p2555762374.jpg,8.8,689306人评价,https://movie.douban.com/subject/1296339/,tt0112471,D:\T\Documents\VSCode\js\media\top250\douban\douban-107.html,182
108,入殓师,2008,https://img9.doubanio.com/view/photo/s_ratio_poster/public/p2707581855.jpg,8.9,671617人评价,https://movie.douban.com/subject/2149806/,tt1069238,D:\T\Documents\VSCode\js\media\top250\douban\douban-108.html,
109,勇敢的心,1995,https://img1.doubanio.com/view/photo/s_ratio_poster/public/p2004174709.jpg,8.9,561221人评价,https://movie.douban.com/subject/1294639/,tt0112573,D:\T\Documents\VSCode\js\media\top250\douban\douban-109.html,78
110,第六感,1999,https://img9.doubanio.com/view/photo/s_ratio_poster/public/p2220184425.jpg,8.9,559962人评价,https://movie.douban.com/subject/1297630/,tt0167404,D:\T\Documents\VSCode\js\media\top250\douban\douban-110.html,143
111,重庆森林,1994,https://img2.doubanio.com/view/photo/s_ratio_poster/public/p792381411.jpg,8.8,816897人评价,https://movie.douban.com/subject/1291999/,tt0109424,D:\T\Documents\VSCode\js\media\top250\douban\douban-111.html,
112,超能陆战队,2014,https://img2.doubanio.com/view/photo/s_ratio_poster/public/p2896589512.jpg,8.7,1021994人评价,https://movie.douban.com/subject/11026735/,tt2245084,D:\T\Documents\VSCode\js\media\top250\douban\douban-112.html,
113,幽灵公主,1997,https://img9.doubanio.com/view/photo/s_ratio_poster/public/p1613191025.jpg,8.9,527820人评价,https://movie.douban.com/subject/1297359/,tt0119698,D:\T\Documents\VSCode\js\media\top250\douban\douban-113.html,81
114,甜蜜蜜,1996,https://img9.doubanio.com/view/photo/s_ratio_poster/public/p2223011274.jpg,8.9,559023人评价,https://movie.douban.com/subject/1305164/,tt0117905,D:\T\Documents\VSCode\js\media\top250\douban\douban-114.html,
115,爱在日落黄昏时,2004,https://img1.doubanio.com/view/photo/s_ratio_poster/public/p2561542458.jpg,8.9,565982人评价,https://movie.douban.com/subject/1291990/,tt0381681,D:\T\Documents\VSCode\js\media\top250\douban\douban-115.html,220
116,菊次郎的夏天,1999,https://img9.doubanio.com/view/photo/s_ratio_poster/public/p2620392435.jpg,8.9,600549人评价,https://movie.douban.com/subject/1293359/,tt0199683,D:\T\Documents\VSCode\js\media\top250\douban\douban-116.html,
117,借东西的小人阿莉埃蒂,2010,https://img9.doubanio.com/view/photo/s_ratio_poster/public/p617533616.jpg,8.9,557997人评价,https://movie.douban.com/subject/4202302/,tt1568921,D:\T\Documents\VSCode\js\media\top250\douban\douban-117.html,
118,消失的爱人,2014,https://img9.doubanio.com/view/photo/s_ratio_poster/public/p2221768894.jpg,8.7,960346人评价,https://movie.douban.com/subject/21318488/,tt2267998,D:\T\Documents\VSCode\js\media\top250\douban\douban-118.html,186
119,天使爱美丽,2001,https://img2.doubanio.com/view/photo/s_ratio_poster/public/p2447590313.jpg,8.7,958370人评价,https://movie.douban.com/subject/1292215/,tt0211915,D:\T\Documents\VSCode\js\media\top250\douban\douban-119.html,105
120,阳光灿烂的日子,1994,https://img9.doubanio.com/view/photo/s_ratio_poster/public/p2564685215.jpg,8.8,618131人评价,https://movie.douban.com/subject/1291875/,tt0111786,D:\T\Documents\VSCode\js\media\top250\douban\douban-120.html,
121,完美的世界,1993,https://img1.doubanio.com/view/photo/s_ratio_poster/public/p2190556408.jpg,9.1,317520人评价,https://movie.douban.com/subject/1300992/,tt0107808,D:\T\Documents\VSCode\js\media\top250\douban\douban-121.html,
122,小森林 夏秋篇,2014,https://img2.doubanio.com/view/photo/s_ratio_poster/public/p2564498893.jpg,9.0,428688人评价,https://movie.douban.com/subject/25814705/,tt3474600,D:\T\Documents\VSCode\js\media\top250\douban\douban-122.html,
123,无人知晓,2004,https://img2.doubanio.com/view/photo/s_ratio_poster/public/p661160053.jpg,9.1,321711人评价,https://movie.douban.com/subject/1292337/,tt0408664,D:\T\Documents\VSCode\js\media\top250\douban\douban-123.html,
124,寄生虫,2019,https://img1.doubanio.com/view/photo/s_ratio_poster/public/p2561439800.jpg,8.8,1379340人评价,https://movie.douban.com/subject/27010768/,tt6751668,D:\T\Documents\VSCode\js\media\top250\douban\douban-124.html,35
125,倩女幽魂,1987,https://img9.doubanio.com/view/photo/s_ratio_poster/public/p2414157745.jpg,8.8,742907人评价,https://movie.douban.com/subject/1297447/,tt0093978,D:\T\Documents\VSCode\js\media\top250\douban\douban-125.html,
126,时空恋旅人,2013,https://img9.doubanio.com/view/photo/s_ratio_poster/public/p2070153774.jpg,8.8,679075人评价,https://movie.douban.com/subject/10577869/,tt2194499,D:\T\Documents\VSCode\js\media\top250\douban\douban-126.html,
127,侧耳倾听,1995,https://img2.doubanio.com/view/photo/s_ratio_poster/public/p456692072.jpg,8.9,466268人评价,https://movie.douban.com/subject/1297052/,tt0113824,D:\T\Documents\VSCode\js\media\top250\douban\douban-127.html,
128,小森林 冬春篇,2015,https://img1.doubanio.com/view/photo/s_ratio_poster/public/p2215147728.jpg,9.0,381725人评价,https://movie.douban.com/subject/25814707/,tt3474602,D:\T\Documents\VSCode\js\media\top250\douban\douban-128.html,
129,幸福终点站,2004,https://img1.doubanio.com/view/photo/s_ratio_poster/public/p854757687.jpg,8.8,575274人评价,https://movie.douban.com/subject/1292274/,tt0362227,D:\T\Documents\VSCode\js\media\top250\douban\douban-129.html,
130,驯龙高手,2010,https://img2.doubanio.com/view/photo/s_ratio_poster/public/p490385643.jpg,8.8,760920人评价,https://movie.douban.com/subject/2353023/,tt0892769,D:\T\Documents\VSCode\js\media\top250\douban\douban-130.html,203
131,未麻的部屋,1997,https://img2.doubanio.com/view/photo/s_ratio_poster/public/p1351050722.jpg,9.1,337137人评价,https://movie.douban.com/subject/1395091/,tt0156887,D:\T\Documents\VSCode\js\media\top250\douban\douban-131.html,
132,一个叫欧维的男人决定去死,2015,https://img2.doubanio.com/view/photo/s_ratio_poster/public/p2406624993.jpg,8.9,487468人评价,https://movie.douban.com/subject/26628357/,tt4080728,D:\T\Documents\VSCode\js\media\top250\douban\douban-132.html,
133,哈利·波特与火焰杯,2005,https://img9.doubanio.com/view/photo/s_ratio_poster/public/p735391084.jpg,8.8,668061人评价,https://movie.douban.com/subject/1309055/,tt0330373,D:\T\Documents\VSCode\js\media\top250\douban\douban-133.html,
134,教父3,1990,https://img2.doubanio.com/view/photo/s_ratio_poster/public/p2169664351.jpg,9.0,377510人评价,https://movie.douban.com/subject/1294240/,tt0099674,D:\T\Documents\VSCode\js\media\top250\douban\douban-134.html,
135,怪兽电力公司,2001,https://img1.doubanio.com/view/photo/s_ratio_poster/public/p2896590108.jpg,8.8,677853人评价,https://movie.douban.com/subject/1291579/,tt0198781,D:\T\Documents\VSCode\js\media\top250\douban\douban-135.html,202
136,萤火之森,2011,https://img2.doubanio.com/view/photo/s_ratio_poster/public/p1675053073.jpg,8.9,543913人评价,https://movie.douban.com/subject/5989818/,tt2061702,D:\T\Documents\VSCode\js\media\top250\douban\douban-136.html,
137,傲慢与偏见,2005,https://img1.doubanio.com/view/photo/s_ratio_poster/public/p2016401659.jpg,8.7,806970人评价,https://movie.douban.com/subject/1418200/,tt0414387,D:\T\Documents\VSCode\js\media\top250\douban\douban-137.html,
138,玩具总动员3,2010,https://img2.doubanio.com/view/photo/s_ratio_poster/public/p2896589481.jpg,8.9,521862人评价,https://movie.douban.com/subject/1858711/,tt0435761,D:\T\Documents\VSCode\js\media\top250\douban\douban-138.html,90
139,新世界,2013,https://img1.doubanio.com/view/photo/s_ratio_poster/public/p1903379979.jpg,8.9,440219人评价,https://movie.douban.com/subject/10437779/,tt2625030,D:\T\Documents\VSCode\js\media\top250\douban\douban-139.html,
140,釜山行,2016,https://img1.doubanio.com/view/photo/s_ratio_poster/public/p2360940399.jpg,8.6,1207909人评价,https://movie.douban.com/subject/25986180/,tt5700672,D:\T\Documents\VSCode\js\media\top250\douban\douban-140.html,
141,神偷奶爸,2010,https://img1.doubanio.com/view/photo/s_ratio_poster/public/p792776858.jpg,8.7,953779人评价,https://movie.douban.com/subject/3287562/,tt1323594,D:\T\Documents\VSCode\js\media\top250\douban\douban-141.html,
142,被解救的姜戈,2012,https://img1.doubanio.com/view/photo/s_ratio_poster/public/p1800813767.jpg,8.8,613189人评价,https://movie.douban.com/subject/6307447/,tt1853728,D:\T\Documents\VSCode\js\media\top250\douban\douban-142.html,57
143,玛丽和马克思,2009,https://img9.doubanio.com/view/photo/s_ratio_poster/public/p488255145.jpg,9.0,423476人评价,https://movie.douban.com/subject/3072124/,tt0978762,D:\T\Documents\VSCode\js\media\top250\douban\douban-143.html,205
144,告白,2010,https://img9.doubanio.com/view/photo/s_ratio_poster/public/p689520756.jpg,8.8,675228人评价,https://movie.douban.com/subject/4268598/,tt1590089,D:\T\Documents\VSCode\js\media\top250\douban\douban-144.html,
145,哪吒闹海,1979,https://img9.doubanio.com/view/photo/s_ratio_poster/public/p2532803206.jpg,9.2,262100人评价,https://movie.douban.com/subject/1307315/,tt0354770,D:\T\Documents\VSCode\js\media\top250\douban\douban-145.html,
146,茶馆,1982(中国大陆),https://img9.doubanio.com/view/photo/s_ratio_poster/public/p2528965424.jpg,9.6,149212人评价,https://movie.douban.com/subject/1461403/,tt1395030,D:\T\Documents\VSCode\js\media\top250\douban\douban-146.html,
147,大鱼,2003,https://img9.doubanio.com/view/photo/s_ratio_poster/public/p692813374.jpg,8.8,571396人评价,https://movie.douban.com/subject/1291545/,tt0319061,D:\T\Documents\VSCode\js\media\top250\douban\douban-147.html,
148,九品芝麻官,1994,https://img1.doubanio.com/view/photo/s_ratio_poster/public/p648370300.jpg,8.7,686329人评价,https://movie.douban.com/subject/1297518/,tt0110201,D:\T\Documents\VSCode\js\media\top250\douban\douban-148.html,
149,喜宴,1993,https://img1.doubanio.com/view/photo/s_ratio_poster/public/p2249048907.jpg,9.0,365775人评价,https://movie.douban.com/subject/1303037/,tt0107156,D:\T\Documents\VSCode\js\media\top250\douban\douban-149.html,
150,射雕英雄传之东成西就,1993,https://img2.doubanio.com/view/photo/s_ratio_poster/public/p2609063922.jpg,8.7,641611人评价,https://movie.douban.com/subject/1316510/,tt0108074,D:\T\Documents\VSCode\js\media\top250\douban\douban-150.html,
151,模仿游戏,2014,https://img2.doubanio.com/view/photo/s_ratio_poster/public/p2255040492.jpg,8.8,651707人评价,https://movie.douban.com/subject/10463953/,tt2084970,D:\T\Documents\VSCode\js\media\top250\douban\douban-151.html,
152,头号玩家,2018,https://img1.doubanio.com/view/photo/s_ratio_poster/public/p2516578307.jpg,8.7,1377103人评价,https://movie.douban.com/subject/4920389/,tt1677720,D:\T\Documents\VSCode\js\media\top250\douban\douban-152.html,
153,色，戒,2007,https://img9.doubanio.com/view/photo/s_ratio_poster/public/p453716305.jpg,8.7,815675人评价,https://movie.douban.com/subject/1828115/,tt0808357,D:\T\Documents\VSCode\js\media\top250\douban\douban-153.html,
154,我是山姆,2001,https://img9.doubanio.com/view/photo/s_ratio_poster/public/p652417775.jpg,9.0,339990人评价,https://movie.douban.com/subject/1306861/,tt0277027,D:\T\Documents\VSCode\js\media\top250\douban\douban-154.html,
155,阳光姐妹淘,2011,https://img1.doubanio.com/view/photo/s_ratio_poster/public/p1374786017.jpg,8.8,593023人评价,https://movie.douban.com/subject/4917726/,tt1937339,D:\T\Documents\VSCode\js\media\top250\douban\douban-155.html,
156,花样年华,2000,https://img9.doubanio.com/view/photo/s_ratio_poster/public/p1910828286.jpg,8.7,612806人评价,https://movie.douban.com/subject/1291557/,tt0118694,D:\T\Documents\VSCode\js\media\top250\douban\douban-156.html,
157,头脑特工队,2015,https://img9.doubanio.com/view/photo/s_ratio_poster/public/p2896589345.jpg,8.8,620080人评价,https://movie.douban.com/subject/10533913/,tt2096673,D:\T\Documents\VSCode\js\media\top250\douban\douban-157.html,166
158,血战钢锯岭,2016,https://img1.doubanio.com/view/photo/s_ratio_poster/public/p2398141939.jpg,8.7,787208人评价,https://movie.douban.com/subject/26325320/,tt2119532,D:\T\Documents\VSCode\js\media\top250\douban\douban-158.html,189
159,七武士,1954,https://img9.doubanio.com/view/photo/s_ratio_poster/public/p2215886505.jpg,9.3,199786人评价,https://movie.douban.com/subject/1295399/,tt0047478,D:\T\Documents\VSCode\js\media\top250\douban\douban-159.html,22
160,恐怖直播,2013,https://img9.doubanio.com/view/photo/s_ratio_poster/public/p2016930906.jpg,8.7,655978人评价,https://movie.douban.com/subject/21360417/,tt2990738,D:\T\Documents\VSCode\js\media\top250\douban\douban-160.html,
161,惊魂记,1960,https://img9.doubanio.com/view/photo/s_ratio_poster/public/p1021883305.jpg,9.0,297814人评价,https://movie.douban.com/subject/1293181/,tt0054215,D:\T\Documents\VSCode\js\media\top250\douban\douban-161.html,34
162,黑客帝国3：矩阵革命,2003,https://img1.doubanio.com/view/photo/s_ratio_poster/public/p443461818.jpg,8.8,449876人评价,https://movie.douban.com/subject/1302467/,tt0242653,D:\T\Documents\VSCode\js\media\top250\douban\douban-162.html,
163,你的名字。,2016,https://img1.doubanio.com/view/photo/s_ratio_poster/public/p2395733377.jpg,8.5,1418788人评价,https://movie.douban.com/subject/26683290/,tt5311514,D:\T\Documents\VSCode\js\media\top250\douban\douban-163.html,84
164,电锯惊魂,2004,https://img9.doubanio.com/view/photo/s_ratio_poster/public/p726839485.jpg,8.8,536926人评价,https://movie.douban.com/subject/1417598/,tt0387564,D:\T\Documents\VSCode\js\media\top250\douban\douban-164.html,
165,三块广告牌,2017,https://img9.doubanio.com/view/photo/s_ratio_poster/public/p2896590555.jpg,8.7,825337人评价,https://movie.douban.com/subject/26611804/,tt5027774,D:\T\Documents\VSCode\js\media\top250\douban\douban-165.html,168
166,达拉斯买家俱乐部,2013,https://img1.doubanio.com/view/photo/s_ratio_poster/public/p2166160837.jpg,8.8,455347人评价,https://movie.douban.com/subject/1793929/,tt0790636,D:\T\Documents\VSCode\js\media\top250\douban\douban-166.html,
167,疯狂原始人,2013,https://img1.doubanio.com/view/photo/s_ratio_poster/public/p1867084027.jpg,8.7,844137人评价,https://movie.douban.com/subject/1907966/,tt0481499,D:\T\Documents\VSCode\js\media\top250\douban\douban-167.html,
168,心迷宫,2014,https://img9.doubanio.com/view/photo/s_ratio_poster/public/p2276780256.jpg,8.7,525385人评价,https://movie.douban.com/subject/25917973/,tt4078856,D:\T\Documents\VSCode\js\media\top250\douban\douban-168.html,
169,谍影重重3,2007,https://img1.doubanio.com/view/photo/s_ratio_poster/public/p792223507.jpg,8.8,421118人评价,https://movie.douban.com/subject/1578507/,tt0440963,D:\T\Documents\VSCode\js\media\top250\douban\douban-169.html,
170,英雄本色,1986,https://img1.doubanio.com/view/photo/s_ratio_poster/public/p2504997087.jpg,8.6,545091人评价,https://movie.douban.com/subject/1297574/,tt0092263,D:\T\Documents\VSCode\js\media\top250\douban\douban-170.html,
171,上帝之城,2002,https://img1.doubanio.com/view/photo/s_ratio_poster/public/p455677490.jpg,9.0,302951人评价,https://movie.douban.com/subject/1292208/,tt0317248,D:\T\Documents\VSCode\js\media\top250\douban\douban-171.html,26
172,风之谷,1984,https://img2.doubanio.com/view/photo/s_ratio_poster/public/p1917567652.jpg,8.9,356528人评价,https://movie.douban.com/subject/1291585/,tt0087544,D:\T\Documents\VSCode\js\media\top250\douban\douban-172.html,
173,纵横四海,1991,https://img1.doubanio.com/view/photo/s_ratio_poster/public/p2597918718.jpg,8.8,428620人评价,https://movie.douban.com/subject/1295409/,tt0101020,D:\T\Documents\VSCode\js\media\top250\douban\douban-173.html,
174,卢旺达饭店,2004,https://img2.doubanio.com/view/photo/s_ratio_poster/public/p470419493.jpg,8.9,332032人评价,https://movie.douban.com/subject/1291822/,tt0395169,D:\T\Documents\VSCode\js\media\top250\douban\douban-174.html,213
175,海街日记,2015,https://img1.doubanio.com/view/photo/s_ratio_poster/public/p2603364117.jpg,8.8,452165人评价,https://movie.douban.com/subject/25895901/,tt3756788,D:\T\Documents\VSCode\js\media\top250\douban\douban-175.html,
176,爱在午夜降临前,2013,https://img1.doubanio.com/view/photo/s_ratio_poster/public/p2074715729.jpg,8.9,406208人评价,https://movie.douban.com/subject/10808442/,tt2209418,D:\T\Documents\VSCode\js\media\top250\douban\douban-176.html,
177,绿里奇迹,1999,https://img2.doubanio.com/view/photo/s_ratio_poster/public/p767586451.jpg,8.9,332342人评价,https://movie.douban.com/subject/1300374/,tt0120689,D:\T\Documents\VSCode\js\media\top250\douban\douban-177.html,28
178,记忆碎片,2000,https://img2.doubanio.com/view/photo/s_ratio_poster/public/p641688453.jpg,8.7,607323人评价,https://movie.douban.com/subject/1304447/,tt0209144,D:\T\Documents\VSCode\js\media\top250\douban\douban-178.html,56
179,小丑,2019,https://img9.doubanio.com/view/photo/s_ratio_poster/public/p2567198874.jpg,8.7,1012822人评价,https://movie.douban.com/subject/27119724/,tt7286456,D:\T\Documents\VSCode\js\media\top250\douban\douban-179.html,80
180,疯狂的石头,2006,https://img2.doubanio.com/view/photo/s_ratio_poster/public/p712241453.jpg,8.6,827924人评价,https://movie.douban.com/subject/1862151/,tt0843270,D:\T\Documents\VSCode\js\media\top250\douban\douban-180.html,
181,岁月神偷,2010,https://img2.doubanio.com/view/photo/s_ratio_poster/public/p456666151.jpg,8.7,576421人评价,https://movie.douban.com/subject/3792799/,tt1602572,D:\T\Documents\VSCode\js\media\top250\douban\douban-181.html,
182,雨中曲,1952,https://img9.doubanio.com/view/photo/s_ratio_poster/public/p1612355875.jpg,9.1,227931人评价,https://movie.douban.com/subject/1293460/,tt0045152,D:\T\Documents\VSCode\js\media\top250\douban\douban-182.html,87
183,背靠背，脸对脸,1994,https://img1.doubanio.com/view/photo/s_ratio_poster/public/p2505048077.jpg,9.5,135843人评价,https://movie.douban.com/subject/1307856/,tt0109235,D:\T\Documents\VSCode\js\media\top250\douban\douban-183.html,
184,忠犬八公物语,1987,https://img9.doubanio.com/view/photo/s_ratio_poster/public/p2603716224.jpg,9.2,197345人评价,https://movie.douban.com/subject/1959195/,tt0093132,D:\T\Documents\VSCode\js\media\top250\douban\douban-184.html,
185,2001太空漫游,1968,https://img9.doubanio.com/view/photo/s_ratio_poster/public/p2560717825.jpg,8.9,332923人评价,https://movie.douban.com/subject/1292226/,tt0062622,D:\T\Documents\VSCode\js\media\top250\douban\douban-185.html,94
186,荒蛮故事,2014,https://img2.doubanio.com/view/photo/s_ratio_poster/public/p2584519452.jpg,8.8,446666人评价,https://movie.douban.com/subject/24750126/,tt3011894,D:\T\Documents\VSCode\js\media\top250\douban\douban-186.html,197
187,心灵奇旅,2020,https://img1.doubanio.com/view/photo/s_ratio_poster/public/p2896589788.jpg,8.7,989892人评价,https://movie.douban.com/subject/24733428/,tt2948372,D:\T\Documents\VSCode\js\media\top250\douban\douban-187.html,
188,小偷家族,2018,https://img9.doubanio.com/view/photo/s_ratio_poster/public/p2530599636.jpg,8.7,816484人评价,https://movie.douban.com/subject/27622447/,tt8075192,D:\T\Documents\VSCode\js\media\top250\douban\douban-188.html,
189,无间道2,2003,https://img1.doubanio.com/view/photo/s_ratio_poster/public/p958008320.jpg,8.7,483023人评价,https://movie.douban.com/subject/1307106/,tt0369060,D:\T\Documents\VSCode\js\media\top250\douban\douban-189.html,
190,无敌破坏王,2012,https://img1.doubanio.com/view/photo/s_ratio_poster/public/p2896589589.jpg,8.7,543884人评价,https://movie.douban.com/subject/6534248/,tt1772341,D:\T\Documents\VSCode\js\media\top250\douban\douban-190.html,
191,爆裂鼓手,2014,https://img2.doubanio.com/view/photo/s_ratio_poster/public/p2220776342.jpg,8.7,592200人评价,https://movie.douban.com/subject/25773932/,tt2582802,D:\T\Documents\VSCode\js\media\top250\douban\douban-191.html,41
192,冰川时代,2002,https://img1.doubanio.com/view/photo/s_ratio_poster/public/p2896589259.jpg,8.6,619282人评价,https://movie.douban.com/subject/1291578/,tt0268380,D:\T\Documents\VSCode\js\media\top250\douban\douban-192.html,
193,恐怖游轮,2009,https://img9.doubanio.com/view/photo/s_ratio_poster/public/p462470694.jpg,8.5,870068人评价,https://movie.douban.com/subject/3011051/,tt1187064,D:\T\Documents\VSCode\js\media\top250\douban\douban-193.html,
194,贫民窟的百万富翁,2008,https://img1.doubanio.com/view/photo/s_ratio_poster/public/p2434249040.jpg,8.6,748730人评价,https://movie.douban.com/subject/2209573/,tt1010048,D:\T\Documents\VSCode\js\media\top250\douban\douban-194.html,
195,东邪西毒,1994,https://img2.doubanio.com/view/photo/s_ratio_poster/public/p1982176012.jpg,8.6,579794人评价,https://movie.douban.com/subject/1292328/,tt0109688,D:\T\Documents\VSCode\js\media\top250\douban\douban-195.html,
196,牯岭街少年杀人事件,1991,https://img9.doubanio.com/view/photo/s_ratio_poster/public/p848381236.jpg,8.9,303345人评价,https://movie.douban.com/subject/1292329/,tt0101985,D:\T\Documents\VSCode\js\media\top250\douban\douban-196.html,
197,魔女宅急便,1989,https://img2.doubanio.com/view/photo/s_ratio_poster/public/p456676352.jpg,8.7,463069人评价,https://movie.douban.com/subject/1307811/,tt0097814,D:\T\Documents\VSCode\js\media\top250\douban\douban-197.html,
198,遗愿清单,2007,https://img2.doubanio.com/view/photo/s_ratio_poster/public/p2676812053.jpg,8.7,465032人评价,https://movie.douban.com/subject/1867345/,tt0825232,D:\T\Documents\VSCode\js\media\top250\douban\douban-198.html,
199,东京教父,2003,https://img1.doubanio.com/view/photo/s_ratio_poster/public/p456703618.jpg,9.0,232774人评价,https://movie.douban.com/subject/1310177/,tt0388473,D:\T\Documents\VSCode\js\media\top250\douban\douban-199.html,
200,大佛普拉斯,2017,https://img2.doubanio.com/view/photo/s_ratio_poster/public/p2505928032.jpg,8.7,462601人评价,https://movie.douban.com/subject/27059130/,tt7010412,D:\T\Documents\VSCode\js\media\top250\douban\douban-200.html,
201,你看起来好像很好吃,2010,https://img2.doubanio.com/view/photo/s_ratio_poster/public/p709670262.jpg,8.9,335153人评价,https://movie.douban.com/subject/4848115/,tt1734113,D:\T\Documents\VSCode\js\media\top250\douban\douban-201.html,
202,真爱至上,2003,https://img1.doubanio.com/view/photo/s_ratio_poster/public/p475600770.jpg,8.6,734555人评价,https://movie.douban.com/subject/1292401/,tt0314331,D:\T\Documents\VSCode\js\media\top250\douban\douban-202.html,
203,黑天鹅,2010,https://img1.doubanio.com/view/photo/s_ratio_poster/public/p2896603000.jpg,8.6,783343人评价,https://movie.douban.com/subject/1978709/,tt0947798,D:\T\Documents\VSCode\js\media\top250\douban\douban-203.html,
204,可可西里,2004,https://img9.doubanio.com/view/photo/s_ratio_poster/public/p2363208684.jpg,8.9,305277人评价,https://movie.douban.com/subject/1308857/,tt0386651,D:\T\Documents\VSCode\js\media\top250\douban\douban-204.html,
205,城市之光,1931,https://img1.doubanio.com/view/photo/s_ratio_poster/public/p2170238828.jpg,9.3,147980人评价,https://movie.douban.com/subject/1293908/,tt0021749,D:\T\Documents\VSCode\js\media\top250\douban\douban-205.html,54
206,源代码,2011,https://img9.doubanio.com/view/photo/s_ratio_poster/public/p988260245.jpg,8.5,839559人评价,https://movie.douban.com/subject/3075287/,tt0945513,D:\T\Documents\VSCode\js\media\top250\douban\douban-206.html,
207,雨人,1988,https://img2.doubanio.com/view/photo/s_ratio_poster/public/p2353324612.jpg,8.7,406153人评价,https://movie.douban.com/subject/1291870/,tt0095953,D:\T\Documents\VSCode\js\media\top250\douban\douban-207.html,
208,海边的曼彻斯特,2016,https://img9.doubanio.com/view/photo/s_ratio_poster/public/p2421855655.jpg,8.6,545986人评价,https://movie.douban.com/subject/25980443/,tt4034228,D:\T\Documents\VSCode\js\media\top250\douban\douban-208.html,
209,恋恋笔记本,2004,https://img9.doubanio.com/view/photo/s_ratio_poster/public/p483604864.jpg,8.5,675376人评价,https://movie.douban.com/subject/1309163/,tt0332280,D:\T\Documents\VSCode\js\media\top250\douban\douban-209.html,
210,初恋这件小事,2010,https://img2.doubanio.com/view/photo/s_ratio_poster/public/p1505312273.jpg,8.5,984133人评价,https://movie.douban.com/subject/4739952/,tt1859438,D:\T\Documents\VSCode\js\media\top250\douban\douban-210.html,
211,波西米亚狂想曲,2018,https://img2.doubanio.com/view/photo/s_ratio_poster/public/p2549558913.jpg,8.6,609183人评价,https://movie.douban.com/subject/5300054/,tt1727824,D:\T\Documents\VSCode\js\media\top250\douban\douban-211.html,
212,人工智能,2001,https://img1.doubanio.com/view/photo/s_ratio_poster/public/p792257137.jpg,8.7,449728人评价,https://movie.douban.com/subject/1302827/,tt0212720,D:\T\Documents\VSCode\js\media\top250\douban\douban-212.html,
213,青蛇,1993,https://img2.doubanio.com/view/photo/s_ratio_poster/public/p2570901292.jpg,8.6,530260人评价,https://movie.douban.com/subject/1303394/,tt0106559,D:\T\Documents\VSCode\js\media\top250\douban\douban-213.html,
214,虎口脱险,1966,https://img2.doubanio.com/view/photo/s_ratio_poster/public/p2399597512.jpg,8.9,258959人评价,https://movie.douban.com/subject/1296909/,tt0060474,D:\T\Documents\VSCode\js\media\top250\douban\douban-214.html,
215,终结者2：审判日,1991,https://img9.doubanio.com/view/photo/s_ratio_poster/public/p1910909085.jpg,8.8,343951人评价,https://movie.douban.com/subject/1291844/,tt0103064,D:\T\Documents\VSCode\js\media\top250\douban\douban-215.html,30
216,疯狂的麦克斯4：狂暴之路,2015,https://img2.doubanio.com/view/photo/s_ratio_poster/public/p2236181653.jpg,8.7,534053人评价,https://movie.douban.com/subject/3592854/,tt1392190,D:\T\Documents\VSCode\js\media\top250\douban\douban-216.html,199
217,罗生门,1950,https://img2.doubanio.com/view/photo/s_ratio_poster/public/p1598883511.jpg,8.8,316774人评价,https://movie.douban.com/subject/1291879/,tt0042876,D:\T\Documents\VSCode\js\media\top250\douban\douban-217.html,154
218,末路狂花,1991,https://img9.doubanio.com/view/photo/s_ratio_poster/public/p1910924635.jpg,8.9,260103人评价,https://movie.douban.com/subject/1291992/,tt0103074,D:\T\Documents\VSCode\js\media\top250\douban\douban-218.html,
219,新龙门客栈,1992,https://img1.doubanio.com/view/photo/s_ratio_poster/public/p1421018669.jpg,8.7,447362人评价,https://movie.douban.com/subject/1292287/,tt0105859,D:\T\Documents\VSCode\js\media\top250\douban\douban-219.html,
220,萤火虫之墓,1988,https://img1.doubanio.com/view/photo/s_ratio_poster/public/p2237136718.jpg,8.7,406546人评价,https://movie.douban.com/subject/1293318/,tt0095327,D:\T\Documents\VSCode\js\media\top250\douban\douban-220.html,45
221,千钧一发,1997,https://img9.doubanio.com/view/photo/s_ratio_poster/public/p2195672555.jpg,8.8,301456人评价,https://movie.douban.com/subject/1300117/,tt0119177,D:\T\Documents\VSCode\js\media\top250\douban\douban-221.html,
222,崖上的波妞,2008,https://img1.doubanio.com/view/photo/s_ratio_poster/public/p2627847859.jpg,8.6,501797人评价,https://movie.douban.com/subject/1959877/,tt0876563,D:\T\Documents\VSCode\js\media\top250\douban\douban-222.html,
223,无耻混蛋,2009,https://img2.doubanio.com/view/photo/s_ratio_poster/public/p1086394013.jpg,8.6,481417人评价,https://movie.douban.com/subject/1438652/,tt0361748,D:\T\Documents\VSCode\js\media\top250\douban\douban-223.html,71
224,花束般的恋爱,2021,https://img2.doubanio.com/view/photo/s_ratio_poster/public/p2868462052.jpg,8.6,631506人评价,https://movie.douban.com/subject/34874432/,tt11219254,D:\T\Documents\VSCode\js\media\top250\douban\douban-224.html,
225,彗星来的那一夜,2013,https://img9.doubanio.com/view/photo/s_ratio_poster/public/p2187896734.jpg,8.6,584728人评价,https://movie.douban.com/subject/25807345/,tt2866360,D:\T\Documents\VSCode\js\media\top250\douban\douban-225.html,
226,奇迹男孩,2017,https://img1.doubanio.com/view/photo/s_ratio_poster/public/p2507709428.jpg,8.6,553887人评价,https://movie.douban.com/subject/26787574/,tt2543472,D:\T\Documents\VSCode\js\media\top250\douban\douban-226.html,
227,爱乐之城,2016,https://img9.doubanio.com/view/photo/s_ratio_poster/public/p2395517414.jpg,8.4,905186人评价,https://movie.douban.com/subject/25934014/,tt3783958,D:\T\Documents\VSCode\js\media\top250\douban\douban-227.html,
228,芙蓉镇,1987,https://img9.doubanio.com/view/photo/s_ratio_poster/public/p2174804034.jpg,9.3,141133人评价,https://movie.douban.com/subject/1297880/,tt0087301,D:\T\Documents\VSCode\js\media\top250\douban\douban-228.html,
229,二十二,2015,https://img1.doubanio.com/view/photo/s_ratio_poster/public/p2457609817.jpg,8.7,292625人评价,https://movie.douban.com/subject/26430107/,tt3843282,D:\T\Documents\VSCode\js\media\top250\douban\douban-229.html,
230,黑客帝国2：重装上阵,2003,https://img1.doubanio.com/view/photo/s_ratio_poster/public/p443461390.jpg,8.7,408926人评价,https://movie.douban.com/subject/1304141/,tt0234215,D:\T\Documents\VSCode\js\media\top250\douban\douban-230.html,
231,血钻,2006,https://img2.doubanio.com/view/photo/s_ratio_poster/public/p1244017073.jpg,8.7,382478人评价,https://movie.douban.com/subject/1428175/,tt0450259,D:\T\Documents\VSCode\js\media\top250\douban\douban-231.html,
232,战争之王,2005,https://img2.doubanio.com/view/photo/s_ratio_poster/public/p792282381.jpg,8.7,371238人评价,https://movie.douban.com/subject/1419936/,tt0399295,D:\T\Documents\VSCode\js\media\top250\douban\douban-232.html,
233,哈利·波特与死亡圣器(上),2010,https://img9.doubanio.com/view/photo/s_ratio_poster/public/p719849995.jpg,8.5,581457人评价,https://movie.douban.com/subject/2051007/,tt0926084,D:\T\Documents\VSCode\js\media\top250\douban\douban-233.html,
234,步履不停,2008,https://img1.doubanio.com/view/photo/s_ratio_poster/public/p2375245718.jpg,8.8,281383人评价,https://movie.douban.com/subject/2222996/,tt1087578,D:\T\Documents\VSCode\js\media\top250\douban\douban-234.html,
235,房间,2015,https://img9.doubanio.com/view/photo/s_ratio_poster/public/p2259715855.jpg,8.8,369569人评价,https://movie.douban.com/subject/25724855/,tt3170832,D:\T\Documents\VSCode\js\media\top250\douban\douban-235.html,207
236,魂断蓝桥,1940,https://img1.doubanio.com/view/photo/s_ratio_poster/public/p2351134499.jpg,8.8,280412人评价,https://movie.douban.com/subject/1293964/,tt0033238,D:\T\Documents\VSCode\js\media\top250\douban\douban-236.html,
237,火星救援,2015,https://img1.doubanio.com/view/photo/s_ratio_poster/public/p2896589468.jpg,8.5,734113人评价,https://movie.douban.com/subject/25864085/,tt3659388,D:\T\Documents\VSCode\js\media\top250\douban\douban-237.html,
238,千年女优,2001,https://img9.doubanio.com/view/photo/s_ratio_poster/public/p2215102596.jpg,8.8,269858人评价,https://movie.douban.com/subject/1307394/,tt0291350,D:\T\Documents\VSCode\js\media\top250\douban\douban-238.html,
239,谍影重重2,2004,https://img9.doubanio.com/view/photo/s_ratio_poster/public/p667644866.jpg,8.7,354993人评价,https://movie.douban.com/subject/1308767/,tt0372183,D:\T\Documents\VSCode\js\media\top250\douban\douban-239.html,
240,白日梦想家,2013,https://img2.doubanio.com/view/photo/s_ratio_poster/public/p2160195181.jpg,8.6,486054人评价,https://movie.douban.com/subject/2133323/,tt0359950,D:\T\Documents\VSCode\js\media\top250\douban\douban-240.html,
241,哈利·波特与凤凰社,2007,https://img1.doubanio.com/view/photo/s_ratio_poster/public/p443403700.jpg,8.5,575216人评价,https://movie.douban.com/subject/1457217/,tt0373889,D:\T\Documents\VSCode\js\media\top250\douban\douban-241.html,
242,弱点,2009,https://img2.doubanio.com/view/photo/s_ratio_poster/public/p2577248102.jpg,8.7,311409人评价,https://movie.douban.com/subject/3552028/,tt0878804,D:\T\Documents\VSCode\js\media\top250\douban\douban-242.html,
243,阿飞正传,1990,https://img2.doubanio.com/view/photo/s_ratio_poster/public/p2525770523.jpg,8.5,513876人评价,https://movie.douban.com/subject/1305690/,tt0101258,D:\T\Documents\VSCode\js\media\top250\douban\douban-243.html,
244,谍影重重,2002,https://img2.doubanio.com/view/photo/s_ratio_poster/public/p1597183981.jpg,8.6,429707人评价,https://movie.douban.com/subject/1304102/,tt0258463,D:\T\Documents\VSCode\js\media\top250\douban\douban-244.html,
245,蜘蛛侠：平行宇宙,2018,https://img2.doubanio.com/view/photo/s_ratio_poster/public/p2543465022.jpg,8.6,670109人评价,https://movie.douban.com/subject/26374197/,tt4633694,D:\T\Documents\VSCode\js\media\top250\douban\douban-245.html,67
246,朗读者,2008,https://img1.doubanio.com/view/photo/s_ratio_poster/public/p1140984198.jpg,8.6,455530人评价,https://movie.douban.com/subject/2213597/,tt0976051,D:\T\Documents\VSCode\js\media\top250\douban\douban-246.html,
247,燃情岁月,1994,https://img9.doubanio.com/view/photo/s_ratio_poster/public/p2797313535.jpg,8.8,288415人评价,https://movie.douban.com/subject/1295865/,tt0110322,D:\T\Documents\VSCode\js\media\top250\douban\douban-247.html,
248,再次出发之纽约遇见你,2013,https://img2.doubanio.com/view/photo/s_ratio_poster/public/p2250287733.jpg,8.6,429340人评价,https://movie.douban.com/subject/6874403/,tt1980929,D:\T\Documents\VSCode\js\media\top250\douban\douban-248.html,
249,香水,2006,https://img2.doubanio.com/view/photo/s_ratio_poster/public/p2571500223.jpg,8.5,546626人评价,https://movie.douban.com/subject/1760622/,tt0396171,D:\T\Documents\VSCode\js\media\top250\douban\douban-249.html,
250,发条橙,1971,https://img9.doubanio.com/view/photo/s_ratio_poster/public/p529908155.jpg,8.6,367328人评价,https://movie.douban.com/subject/1292233/,tt0066921,D:\T\Documents\VSCode\js\media\top250\douban\douban-250.html,108
