num,title,id,year,time,limit,img,rate,vote,url,douban
1,The Shawshank Redemption,tt0111161,1994,2h 22m,R,"https://m.media-amazon.com/images/M/MV5BNDE3ODcxYzMtY2YzZC00NmNlLWJiNDMtZDViZWM2MzIxZDYwXkEyXkFqcGdeQXVyNjAwNDUxODI@._V1_QL75_UX140_CR0,1,140,207_.jpg",9.3,2.8M,https://www.imdb.com/title/tt0111161,1
2,The Godfather,tt0068646,1972,2h 55m,R,"https://m.media-amazon.com/images/M/MV5BM2MyNjYxNmUtYTAwNi00MTYxLWJmNWYtYzZlODY3ZTk3OTFlXkEyXkFqcGdeQXVyNzkwMjQ5NzM@._V1_QL75_UY207_CR3,0,140,207_.jpg",9.2,1.9M,https://www.imdb.com/title/tt0068646,22
3,The Dark Knight,tt0468569,2008,2h 32m,PG-13,"https://m.media-amazon.com/images/M/MV5BMTMxNTMwODM0NF5BMl5BanBnXkFtZTcwODAyMTk2Mw@@._V1_QL75_UX140_CR0,0,140,207_.jpg",9.0,2.8M,https://www.imdb.com/title/tt0468569,30
4,The Godfather Part II,tt0071562,1974,3h 22m,R,"https://m.media-amazon.com/images/M/MV5BMWMwMGQzZTItY2JlNC00OWZiLWIyMDctNDk2ZDQ2YjRjMWQ0XkEyXkFqcGdeQXVyNzkwMjQ5NzM@._V1_QL75_UY207_CR3,0,140,207_.jpg",9.0,1.3M,https://www.imdb.com/title/tt0071562,58
5,12 Angry Men,tt0050083,1957,1h 36m,Approved,"https://m.media-amazon.com/images/M/MV5BMWU4N2FjNzYtNTVkNC00NzQ0LTg0MjAtYTJlMjFhNGUxZDFmXkEyXkFqcGdeQXVyNjc1NTYyMjg@._V1_QL75_UX140_CR0,4,140,207_.jpg",9.0,832K,https://www.imdb.com/title/tt0050083,38
6,Schindler's List,tt0108052,1993,3h 15m,R,"https://m.media-amazon.com/images/M/MV5BNDE4OTMxMTctNmRhYy00NWE2LTg3YzItYTk3M2UwOTU5Njg4XkEyXkFqcGdeQXVyNjU0OTQ0OTY@._V1_QL75_UX140_CR0,1,140,207_.jpg",9.0,1.4M,https://www.imdb.com/title/tt0108052,9
7,The Lord of the Rings: The Return of the King,tt0167260,2003,3h 21m,PG-13,"https://m.media-amazon.com/images/M/MV5BNzA5ZDNlZWMtM2NhNS00NDJjLTk4NDItYTRmY2EwMWZlMTY3XkEyXkFqcGdeQXVyNzkwMjQ5NzM@._V1_QL75_UX140_CR0,0,140,207_.jpg",9.0,1.9M,https://www.imdb.com/title/tt0167260,32
8,Pulp Fiction,tt0110912,1994,2h 34m,R,"https://m.media-amazon.com/images/M/MV5BNGNhMDIzZTUtNTBlZi00MTRlLWFjM2ItYzViMjE3YzI5MjljXkEyXkFqcGdeQXVyNzkwMjQ5NzM@._V1_QL75_UY207_CR1,0,140,207_.jpg",8.9,2.1M,https://www.imdb.com/title/tt0110912,87
9,The Lord of the Rings: The Fellowship of the Ring,tt0120737,2001,2h 58m,PG-13,"https://m.media-amazon.com/images/M/MV5BN2EyZjM3NzUtNWUzMi00MTgxLWI0NTctMzY4M2VlOTdjZWRiXkEyXkFqcGdeQXVyNDUzOTQ5MjY@._V1_QL75_UX140_CR0,0,140,207_.jpg",8.8,1.9M,https://www.imdb.com/title/tt0120737,56
10,"Il buono, il brutto, il cattivo",tt0060196,1966,2h 41m,Approved,"https://m.media-amazon.com/images/M/MV5BNjJlYmNkZGItM2NhYy00MjlmLTk5NmQtNjg1NmM2ODU4OTMwXkEyXkFqcGdeQXVyMjUzOTY1NTc@._V1_QL75_UX140_CR0,1,140,207_.jpg",8.8,789K,https://www.imdb.com/title/tt0060196,
11,Forrest Gump,tt0109830,1994,2h 22m,PG-13,"https://m.media-amazon.com/images/M/MV5BYzk4ZTJjYTEtZjg3Yy00MjQ4LTk0ZDMtMzEzMzBjZDg5OTVlXkEyXkFqcGdeQXVyNjg3MTIwODI@._V1_QL75_UY207_CR3,0,140,207_.jpg",8.8,2.2M,https://www.imdb.com/title/tt0109830,3
12,Fight Club,tt0137523,1999,2h 19m,R,"https://m.media-amazon.com/images/M/MV5BODQ0OWJiMzktYjNlYi00MzcwLThlZWMtMzRkYTY4ZDgxNzgxXkEyXkFqcGdeQXVyNzkwMjQ5NzM@._V1_QL75_UX140_CR0,1,140,207_.jpg",8.8,2.2M,https://www.imdb.com/title/tt0137523,62
13,The Lord of the Rings: The Two Towers,tt0167261,2002,2h 59m,PG-13,"https://m.media-amazon.com/images/M/MV5BZGMxZTdjZmYtMmE2Ni00ZTdkLWI5NTgtNjlmMjBiNzU2MmI5XkEyXkFqcGdeQXVyNjU0OTQ0OTY@._V1_QL75_UX140_CR0,5,140,207_.jpg",8.8,1.7M,https://www.imdb.com/title/tt0167261,49
14,Inception,tt1375666,2010,2h 28m,PG-13,"https://m.media-amazon.com/images/M/MV5BMjAxMzY3NjcxNF5BMl5BanBnXkFtZTcwNTI5OTM0Mw@@._V1_QL75_UX140_CR0,0,140,207_.jpg",8.8,2.5M,https://www.imdb.com/title/tt1375666,10
15,Star Wars: Episode V - The Empire Strikes Back,tt0080684,1980,2h 4m,PG,"https://m.media-amazon.com/images/M/MV5BYmU1NDRjNDgtMzhiMi00NjZmLTg5NGItZDNiZjU5NTU4OTE0XkEyXkFqcGdeQXVyNzkwMjQ5NzM@._V1_QL75_UX140_CR0,5,140,207_.jpg",8.7,1.3M,https://www.imdb.com/title/tt0080684,
16,The Matrix,tt0133093,1999,2h 16m,R,"https://m.media-amazon.com/images/M/MV5BNzQzOTk3OTAtNDQ0Zi00ZTVkLWI0MTEtMDllZjNkYzNjNTc4L2ltYWdlXkEyXkFqcGdeQXVyNjU0OTQ0OTY@._V1_QL75_UX140_CR0,1,140,207_.jpg",8.7,2M,https://www.imdb.com/title/tt0133093,57
17,Goodfellas,tt0099685,1990,2h 25m,R,"https://m.media-amazon.com/images/M/MV5BY2NkZjEzMDgtN2RjYy00YzM1LWI4ZmQtMjIwYjFjNmI3ZGEwXkEyXkFqcGdeQXVyNzkwMjQ5NzM@._V1_QL75_UX140_CR0,1,140,207_.jpg",8.7,1.2M,https://www.imdb.com/title/tt0099685,
18,One Flew Over the Cuckoo's Nest,tt0073486,1975,2h 13m,R,"https://m.media-amazon.com/images/M/MV5BZjA0OWVhOTAtYWQxNi00YzNhLWI4ZjYtNjFjZTEyYjJlNDVlL2ltYWdlL2ltYWdlXkEyXkFqcGdeQXVyMTQxNzMzNDI@._V1_QL75_UX140_CR0,0,140,207_.jpg",8.7,1M,https://www.imdb.com/title/tt0073486,75
19,Spider-Man: Across the Spider-Verse,tt9362722,2023,2h 20m,PG,"https://m.media-amazon.com/images/M/MV5BYmU5ZTgwNWQtMGVhZS00OWI4LWJhOTgtMDQyNjdmYTQ0OGFiXkEyXkFqcGdeQXVyMDc5ODIzMw@@._V1_QL75_UY207_CR1,0,140,207_.jpg",8.7,259K,https://www.imdb.com/title/tt9362722,
20,Se7en,tt0114369,1995,2h 7m,R,"https://m.media-amazon.com/images/M/MV5BOTUwODM5MTctZjczMi00OTk4LTg3NWUtNmVhMTAzNTNjYjcyXkEyXkFqcGdeQXVyNjU0OTQ0OTY@._V1_QL75_UX140_CR0,6,140,207_.jpg",8.6,1.7M,https://www.imdb.com/title/tt0114369,94
21,It's a Wonderful Life,tt0038650,1946,2h 10m,PG,"https://m.media-amazon.com/images/M/MV5BZjc4NDZhZWMtNGEzYS00ZWU2LThlM2ItNTA0YzQ0OTExMTE2XkEyXkFqcGdeQXVyNjUwMzI2NzU@._V1_QL75_UY207_CR1,0,140,207_.jpg",8.6,479K,https://www.imdb.com/title/tt0038650,
22,Shichinin no samurai,tt0047478,1954,3h 27m,Not Rated,"https://m.media-amazon.com/images/M/MV5BNWQ3OTM4ZGItMWEwZi00MjI5LWI3YzgtNTYwNWRkNmIzMGI5XkEyXkFqcGdeQXVyNDY2MTk1ODk@._V1_QL75_UY207_CR4,0,140,207_.jpg",8.6,358K,https://www.imdb.com/title/tt0047478,159
23,The Silence of the Lambs,tt0102926,1991,1h 58m,R,"https://m.media-amazon.com/images/M/MV5BZmFiMmU3YmYtNzFlMC00YThkLWEyNmMtY2JiNGE1MjdlZWNlXkEyXkFqcGdeQXVyNTk4MTA5OTg@._V1_QL75_UX140_CR0,1,140,207_.jpg",8.6,1.5M,https://www.imdb.com/title/tt0102926,77
24,Interstellar,tt0816692,2014,2h 49m,PG-13,"https://m.media-amazon.com/images/M/MV5BNjJmZWU0NTctYmExOC00YmY1LThjM2ItNGQwYzUyZTk2ZDZjXkEyXkFqcGdeQXVyNTk4MTA5OTg@._V1_QL75_UY207_CR1,0,140,207_.jpg",8.7,2M,https://www.imdb.com/title/tt0816692,8
25,Saving Private Ryan,tt0120815,1998,2h 49m,R,"https://m.media-amazon.com/images/M/MV5BZjhkMDM4MWItZTVjOC00ZDRhLThmYTAtM2I5NzBmNmNlMzI1XkEyXkFqcGdeQXVyNDYyMDk5MTU@._V1_QL75_UY207_CR1,0,140,207_.jpg",8.6,1.4M,https://www.imdb.com/title/tt0120815,73
26,Cidade de Deus,tt0317248,2002,2h 10m,R,"https://m.media-amazon.com/images/M/MV5BOTMwYjc5ZmItYTFjZC00ZGQ3LTlkNTMtMjZiNTZlMWQzNzI5XkEyXkFqcGdeQXVyNzkwMjQ5NzM@._V1_QL75_UX140_CR0,1,140,207_.jpg",8.6,781K,https://www.imdb.com/title/tt0317248,171
27,La vita è bella,tt0118799,1997,1h 56m,PG-13,"https://m.media-amazon.com/images/M/MV5BOTY2NDJmZGYtZWExZS00OWYwLTlmODktODE0YTAzZjBhYmZjXkEyXkFqcGdeQXVyNTk4MTA5OTg@._V1_QL75_UY207_CR4,0,140,207_.jpg",8.6,722K,https://www.imdb.com/title/tt0118799,7
28,The Green Mile,tt0120689,1999,3h 9m,R,"https://m.media-amazon.com/images/M/MV5BMTUxMzQyNjA5MF5BMl5BanBnXkFtZTYwOTU2NTY3._V1_QL75_UX140_CR0,0,140,207_.jpg",8.6,1.4M,https://www.imdb.com/title/tt0120689,177
29,Star Wars,tt0076759,1977,2h 1m,PG,"https://m.media-amazon.com/images/M/MV5BOTA5NjhiOTAtZWM0ZC00MWNhLThiMzEtZDFkOTk2OTU1ZDJkXkEyXkFqcGdeQXVyMTA4NDI1NTQx._V1_QL75_UX140_CR0,3,140,207_.jpg",8.6,1.4M,https://www.imdb.com/title/tt0076759,
30,Terminator 2: Judgment Day,tt0103064,1991,2h 17m,R,"https://m.media-amazon.com/images/M/MV5BYTA3NGVlMmQtNzkzOC00ODI5LTgzMzgtMTgwMmI2ZWM1M2NjXkEyXkFqcGdeQXVyMzM4MjM0Nzg@._V1_QL75_UY207_CR3,0,140,207_.jpg",8.6,1.1M,https://www.imdb.com/title/tt0103064,215
31,Back to the Future,tt0088763,1985,1h 56m,(Banned),"https://m.media-amazon.com/images/M/MV5BZmU0M2Y1OGUtZjIxNi00ZjBkLTg1MjgtOWIyNThiZWIwYjRiXkEyXkFqcGdeQXVyMTQxNzMzNDI@._V1_QL75_UX140_CR0,5,140,207_.jpg",8.5,1.3M,https://www.imdb.com/title/tt0088763,
32,Sen to Chihiro no kamikakushi,tt0245429,2001,2h 5m,PG,"https://m.media-amazon.com/images/M/MV5BNzFiMDcxMzEtYzJmMS00MTQ4LTk0NTItMjE5MmYwM2EyY2Y1XkEyXkFqcGdeQXVyNjU1NzU3MzE@._V1_QL75_UY207_CR4,0,140,207_.jpg",8.6,809K,https://www.imdb.com/title/tt0245429,6
33,The Pianist,tt0253474,2002,2h 30m,R,"https://m.media-amazon.com/images/M/MV5BOWRiZDIxZjktMTA1NC00MDQ2LWEzMjUtMTliZmY3NjQ3ODJiXkEyXkFqcGdeQXVyNjU0OTQ0OTY@._V1_QL75_UY207_CR5,0,140,207_.jpg",8.5,877K,https://www.imdb.com/title/tt0253474,47
34,Psycho,tt0054215,1960,1h 49m,R,"https://m.media-amazon.com/images/M/MV5BNTQwNDM1YzItNDAxZC00NWY2LTk0M2UtNDIwNWI5OGUyNWUxXkEyXkFqcGdeQXVyNzkwMjQ5NzM@._V1_QL75_UX140_CR0,0,140,207_.jpg",8.5,698K,https://www.imdb.com/title/tt0054215,161
35,Gisaengchung,tt6751668,2019,2h 12m,R,"https://m.media-amazon.com/images/M/MV5BYWZjMjk3ZTItODQ2ZC00NTY5LWE0ZDYtZTI3MjcwN2Q5NTVkXkEyXkFqcGdeQXVyODk4OTc3MTY@._V1_QL75_UX140_CR0,0,140,207_.jpg",8.5,887K,https://www.imdb.com/title/tt6751668,124
36,Gladiator,tt0172495,2000,2h 35m,R,"https://m.media-amazon.com/images/M/MV5BNWViMDUzOGQtYWVjMS00NjlkLThmNTMtYTJjNzI1YzZiYzI4XkEyXkFqcGdeQXVyMTEwNDU1MzEy._V1_QL75_UX140_CR0,1,140,207_.jpg",8.5,1.6M,https://www.imdb.com/title/tt0172495,
37,The Lion King,tt0110357,1994,1h 28m,G,"https://m.media-amazon.com/images/M/MV5BYTYxNGMyZTYtMjE3MS00MzNjLWFjNmYtMDk3N2FmM2JiM2M1XkEyXkFqcGdeQXVyNjY5NDU4NzI@._V1_QL75_UX140_CR0,0,140,207_.jpg",8.5,1.1M,https://www.imdb.com/title/tt0110357,59
38,Léon,tt0110413,1994,1h 50m,R,"https://m.media-amazon.com/images/M/MV5BOTgyMWQ0ZWUtN2Q2MS00NmY0LWI3OWMtNjFkMzZlNDZjNTk0XkEyXkFqcGdeQXVyMjUzOTY1NTc@._V1_QL75_UX140_CR0,1,140,207_.jpg",8.5,1.2M,https://www.imdb.com/title/tt0110413,5
39,American History X,tt0120586,1998,1h 59m,R,"https://m.media-amazon.com/images/M/MV5BZTJhN2FkYWEtMGI0My00YWM4LWI2MjAtM2UwNjY4MTI2ZTQyXkEyXkFqcGdeQXVyNjc3MjQzNTI@._V1_QL75_UX140_CR0,0,140,207_.jpg",8.5,1.2M,https://www.imdb.com/title/tt0120586,
40,The Departed,tt0407887,2006,2h 31m,(Banned),"https://m.media-amazon.com/images/M/MV5BMTI1MTY2OTIxNV5BMl5BanBnXkFtZTYwNjQ4NjY3._V1_QL75_UY207_CR0,0,140,207_.jpg",8.5,1.4M,https://www.imdb.com/title/tt0407887,
41,Whiplash,tt2582802,2014,1h 46m,R,"https://m.media-amazon.com/images/M/MV5BOTA5NDZlZGUtMjAxOS00YTRkLTkwYmMtYWQ0NWEwZDZiNjEzXkEyXkFqcGdeQXVyMTMxODk2OTU@._V1_QL75_UX140_CR0,0,140,207_.jpg",8.5,931K,https://www.imdb.com/title/tt2582802,191
42,Oppenheimer,tt15398776,2023,3h,R,"https://m.media-amazon.com/images/M/MV5BZDQ1MTA1NGYtMWI3Zi00M2ViLWIzZmEtZDMyYTRkMDNlNDZmXkEyXkFqcGdeQXVyNTk4MTA5OTg@._V1_QL75_UX140_CR0,7,140,207_.jpg",8.6,433K,https://www.imdb.com/title/tt15398776,
43,The Prestige,tt0482571,2006,2h 10m,PG-13,"https://m.media-amazon.com/images/M/MV5BMjA4NDI0MTIxNF5BMl5BanBnXkFtZTYwNTM0MzY2._V1_QL75_UX140_CR0,0,140,207_.jpg",8.5,1.4M,https://www.imdb.com/title/tt0482571,82
44,The Usual Suspects,tt0114814,1995,1h 46m,R,"https://m.media-amazon.com/images/M/MV5BYTViNjMyNmUtNDFkNC00ZDRlLThmMDUtZDU2YWE4NGI2ZjVmXkEyXkFqcGdeQXVyNjU0OTQ0OTY@._V1_QL75_UX140_CR0,1,140,207_.jpg",8.5,1.1M,https://www.imdb.com/title/tt0114814,
45,Hotaru no haka,tt0095327,1988,1h 29m,Not Rated,"https://m.media-amazon.com/images/M/MV5BZmY2NjUzNDQtNTgxNC00M2Q4LTljOWQtMjNjNDBjNWUxNmJlXkEyXkFqcGdeQXVyNTA4NzY1MzY@._V1_QL75_UX140_CR0,1,140,207_.jpg",8.5,295K,https://www.imdb.com/title/tt0095327,220
46,Seppuku,tt0056058,1962,2h 13m,Not Rated,"https://m.media-amazon.com/images/M/MV5BYjBmYTQ1NjItZWU5MS00YjI0LTg2OTYtYmFkN2JkMmNiNWVkXkEyXkFqcGdeQXVyMTMxMTY0OTQ@._V1_QL75_UY207_CR6,0,140,207_.jpg",8.6,64K,https://www.imdb.com/title/tt0056058,
47,Casablanca,tt0034583,1942,1h 42m,PG,"https://m.media-amazon.com/images/M/MV5BY2IzZGY2YmEtYzljNS00NTM5LTgwMzUtMzM1NjQ4NGI0OTk0XkEyXkFqcGdeQXVyNDYyMDk5MTU@._V1_QL75_UX140_CR0,2,140,207_.jpg",8.5,592K,https://www.imdb.com/title/tt0034583,
48,Intouchables,tt1675434,2011,1h 52m,R,"https://m.media-amazon.com/images/M/MV5BMTYxNDA3MDQwNl5BMl5BanBnXkFtZTcwNTU4Mzc1Nw@@._V1_QL75_UX140_CR0,0,140,207_.jpg",8.5,898K,https://www.imdb.com/title/tt1675434,23
49,Modern Times,tt0027977,1936,1h 27m,G,"https://m.media-amazon.com/images/M/MV5BYjJiZjMzYzktNjU0NS00OTkxLWEwYzItYzdhYWJjN2QzMTRlL2ltYWdlL2ltYWdlXkEyXkFqcGdeQXVyNjU0OTQ0OTY@._V1_QL75_UX140_CR0,5,140,207_.jpg",8.5,252K,https://www.imdb.com/title/tt0027977,89
50,Nuovo Cinema Paradiso,tt0095765,1988,2h 35m,PG,"https://m.media-amazon.com/images/M/MV5BM2FhYjEyYmYtMDI1Yy00YTdlLWI2NWQtYmEzNzAxOGY1NjY2XkEyXkFqcGdeQXVyNTA3NTIyNDg@._V1_QL75_UX140_CR0,0,140,207_.jpg",8.5,274K,https://www.imdb.com/title/tt0095765,54
51,C'era una volta il West,tt0064116,1968,2h 45m,PG-13,"https://m.media-amazon.com/images/M/MV5BODQ3NDExOGYtMzI3Mi00NWRlLTkwNjAtNjc4MDgzZGJiZTA1XkEyXkFqcGdeQXVyMjUzOTY1NTc@._V1_QL75_UX140_CR0,1,140,207_.jpg",8.5,342K,https://www.imdb.com/title/tt0064116,
52,Rear Window,tt0047396,1954,1h 52m,PG,"https://m.media-amazon.com/images/M/MV5BNGUxYWM3M2MtMGM3Mi00ZmRiLWE0NGQtZjE5ODI2OTJhNTU0XkEyXkFqcGdeQXVyMTQxNzMzNDI@._V1_QL75_UY207_CR1,0,140,207_.jpg",8.5,509K,https://www.imdb.com/title/tt0047396,
53,Alien,tt0078748,1979,1h 57m,R,"https://m.media-amazon.com/images/M/MV5BOGQzZTBjMjQtOTVmMS00NGE5LWEyYmMtOGQ1ZGZjNmRkYjFhXkEyXkFqcGdeQXVyMjUzOTY1NTc@._V1_QL75_UX140_CR0,2,140,207_.jpg",8.5,919K,https://www.imdb.com/title/tt0078748,
54,City Lights,tt0021749,1931,1h 27m,G,"https://m.media-amazon.com/images/M/MV5BY2I4MmM1N2EtM2YzOS00OWUzLTkzYzctNDc5NDg2N2IyODJmXkEyXkFqcGdeQXVyNzkwMjQ5NzM@._V1_QL75_UX140_CR0,1,140,207_.jpg",8.5,191K,https://www.imdb.com/title/tt0021749,205
55,Apocalypse Now,tt0078788,1979,2h 27m,R,"https://m.media-amazon.com/images/M/MV5BYmQyNTA1ZGItNjZjMi00NzFlLWEzMWEtNWMwN2Q2MjJhYzEyXkEyXkFqcGdeQXVyMjUzOTY1NTc@._V1_QL75_UX140_CR0,4,140,207_.jpg",8.4,692K,https://www.imdb.com/title/tt0078788,
56,Memento,tt0209144,2000,1h 53m,R,"https://m.media-amazon.com/images/M/MV5BZTcyNjk1MjgtOWI3Mi00YzQwLWI5MTktMzY4ZmI2NDAyNzYzXkEyXkFqcGdeQXVyNjU0OTQ0OTY@._V1_QL75_UY207_CR1,0,140,207_.jpg",8.4,1.3M,https://www.imdb.com/title/tt0209144,178
57,Django Unchained,tt1853728,2012,2h 45m,R,"https://m.media-amazon.com/images/M/MV5BMjIyNTQ5NjQ1OV5BMl5BanBnXkFtZTcwODg1MDU4OA@@._V1_QL75_UX140_CR0,0,140,207_.jpg",8.5,1.6M,https://www.imdb.com/title/tt1853728,142
58,Raiders of the Lost Ark,tt0082971,1981,1h 55m,PG,"https://m.media-amazon.com/images/M/MV5BNTU2ODkyY2MtMjU1NC00NjE1LWEzYjgtMWQ3MzRhMTE0NDc0XkEyXkFqcGdeQXVyMjM4MzQ4OTQ@._V1_QL75_UY207_CR1,0,140,207_.jpg",8.4,1M,https://www.imdb.com/title/tt0082971,
59,WALL·E,tt0910970,2008,1h 38m,G,"https://m.media-amazon.com/images/M/MV5BMjExMTg5OTU0NF5BMl5BanBnXkFtZTcwMjMxMzMzMw@@._V1_QL75_UX140_CR0,0,140,207_.jpg",8.4,1.2M,https://www.imdb.com/title/tt0910970,16
60,Das Leben der Anderen,tt0405094,2006,2h 17m,R,"https://m.media-amazon.com/images/M/MV5BNmQyNmJjM2ItNTQzYi00ZjMxLWFjMDYtZjUyN2YwZDk5YWQ2XkEyXkFqcGdeQXVyMjUzOTY1NTc@._V1_QL75_UX140_CR0,1,140,207_.jpg",8.4,401K,https://www.imdb.com/title/tt0405094,66
61,Sunset Blvd,tt0043014,1950,1h 50m,Passed,"https://m.media-amazon.com/images/M/MV5BMTU0NTkyNzYwMF5BMl5BanBnXkFtZTgwMDU0NDk5MTI@._V1_QL75_UX140_CR0,2,140,207_.jpg",8.4,230K,https://www.imdb.com/title/tt0043014,
62,Paths of Glory,tt0050825,1957,1h 28m,Approved,"https://m.media-amazon.com/images/M/MV5BOTI5Nzc0OTMtYzBkMS00NjkxLThmM2UtNjM2ODgxN2M5NjNkXkEyXkFqcGdeQXVyNjQ2MjQ5NzM@._V1_QL75_UX140_CR0,3,140,207_.jpg",8.4,206K,https://www.imdb.com/title/tt0050825,
63,Avengers: Infinity War,tt4154756,2018,2h 29m,PG-13,"https://m.media-amazon.com/images/M/MV5BMjMxNjY2MDU1OV5BMl5BanBnXkFtZTgwNzY1MTUwNTM@._V1_QL75_UX140_CR0,0,140,207_.jpg",8.4,1.2M,https://www.imdb.com/title/tt4154756,
64,The Shining,tt0081505,1980,2h 26m,R,"https://m.media-amazon.com/images/M/MV5BZWFlYmY2MGEtZjVkYS00YzU4LTg0YjQtYzY1ZGE3NTA5NGQxXkEyXkFqcGdeQXVyMTQxNzMzNDI@._V1_QL75_UX140_CR0,3,140,207_.jpg",8.4,1.1M,https://www.imdb.com/title/tt0081505,
65,The Great Dictator,tt0032553,1940,2h 5m,G,"https://m.media-amazon.com/images/M/MV5BMmExYWJjNTktNGUyZS00ODhmLTkxYzAtNWIzOGEyMGNiMmUwXkEyXkFqcGdeQXVyNjU0OTQ0OTY@._V1_QL75_UY207_CR0,0,140,207_.jpg",8.4,232K,https://www.imdb.com/title/tt0032553,
66,Witness for the Prosecution,tt0051201,1957,1h 56m,Approved,"https://m.media-amazon.com/images/M/MV5BNDQwODU5OWYtNDcyNi00MDQ1LThiOGMtZDkwNWJiM2Y3MDg0XkEyXkFqcGdeQXVyMDI2NDg0NQ@@._V1_QL75_UX140_CR0,3,140,207_.jpg",8.4,132K,https://www.imdb.com/title/tt0051201,19
67,Spider-Man: Into the Spider-Verse,tt4633694,2018,1h 57m,PG,"https://m.media-amazon.com/images/M/MV5BMjMwNDkxMTgzOF5BMl5BanBnXkFtZTgwNTkwNTQ3NjM@._V1_QL75_UX140_CR0,0,140,207_.jpg",8.4,629K,https://www.imdb.com/title/tt4633694,245
68,Aliens,tt0090605,1986,2h 17m,R,"https://m.media-amazon.com/images/M/MV5BOGJkY2EyOWYtYWRmNy00ZTEzLTllMDAtYzYzYjA0ZjFhZWJjXkEyXkFqcGdeQXVyMTUzMDUzNTI3._V1_QL75_UX140_CR0,2,140,207_.jpg",8.4,743K,https://www.imdb.com/title/tt0090605,
69,The Dark Knight Rises,tt1345836,2012,2h 44m,PG-13,"https://m.media-amazon.com/images/M/MV5BMTk4ODQzNDY3Ml5BMl5BanBnXkFtZTcwODA0NTM4Nw@@._V1_QL75_UX140_CR0,0,140,207_.jpg",8.4,1.8M,https://www.imdb.com/title/tt1345836,105
70,American Beauty,tt0169547,1999,2h 2m,R,"https://m.media-amazon.com/images/M/MV5BNTBmZWJkNjctNDhiNC00MGE2LWEwOTctZTk5OGVhMWMyNmVhXkEyXkFqcGdeQXVyMTMxODk2OTU@._V1_QL75_UX140_CR0,0,140,207_.jpg",8.3,1.2M,https://www.imdb.com/title/tt0169547,
71,Inglourious Basterds,tt0361748,2009,2h 33m,R,"https://m.media-amazon.com/images/M/MV5BOTJiNDEzOWYtMTVjOC00ZjlmLWE0NGMtZmE1OWVmZDQ2OWJhXkEyXkFqcGdeQXVyNTIzOTk5ODM@._V1_QL75_UX140_CR0,0,140,207_.jpg",8.3,1.5M,https://www.imdb.com/title/tt0361748,223
72,Dr,tt0057012,1964,1h 35m,PG,"https://m.media-amazon.com/images/M/MV5BMWMxYjZkOWUtM2FjMi00MmI1LThkNzQtNTM5Y2E2ZGQ2NGFhXkEyXkFqcGdeQXVyMTA0MTM5NjI2._V1_QL75_UX140_CR0,1,140,207_.jpg",8.4,507K,https://www.imdb.com/title/tt0057012,
73,Oldeuboi,tt0364569,2003,2h,17,"https://m.media-amazon.com/images/M/MV5BMTI3NTQyMzU5M15BMl5BanBnXkFtZTcwMTM2MjgyMQ@@._V1_QL75_UX140_CR0,0,140,207_.jpg",8.4,610K,https://www.imdb.com/title/tt0364569,
74,Coco,tt2380307,2017,1h 45m,PG,"https://m.media-amazon.com/images/M/MV5BYjQ5NjM0Y2YtNjZkNC00ZDhkLWJjMWItN2QyNzFkMDE3ZjAxXkEyXkFqcGdeQXVyODIxMzk5NjA@._V1_QL75_UY207_CR3,0,140,207_.jpg",8.4,554K,https://www.imdb.com/title/tt2380307,27
75,Amadeus,tt0086879,1984,2h 40m,PG,"https://m.media-amazon.com/images/M/MV5BNWJlNzUzNGMtYTAwMS00ZjI2LWFmNWQtODcxNWUxODA5YmU1XkEyXkFqcGdeQXVyNTIzOTk5ODM@._V1_QL75_UX140_CR0,5,140,207_.jpg",8.4,417K,https://www.imdb.com/title/tt0086879,
76,Toy Story,tt0114709,1995,1h 21m,G,"https://m.media-amazon.com/images/M/MV5BMDU2ZWJlMjktMTRhMy00ZTA5LWEzNDgtYmNmZTEwZTViZWJkXkEyXkFqcGdeQXVyNDQ2OTk4MzI@._V1_QL75_UX140_CR0,1,140,207_.jpg",8.3,1M,https://www.imdb.com/title/tt0114709,
77,Das Boot,tt0082096,1981,2h 29m,,"https://m.media-amazon.com/images/M/MV5BNDBjMWUxNTUtNjZiNi00YzJhLTgzNzUtMTRiY2FkZmMzYTNjXkEyXkFqcGdeQXVyMTUzMDUzNTI3._V1_QL75_UX140_CR0,2,140,207_.jpg",8.4,259K,https://www.imdb.com/title/tt0082096,
78,Braveheart,tt0112573,1995,2h 58m,R,"https://m.media-amazon.com/images/M/MV5BMzkzMmU0YTYtOWM3My00YzBmLWI0YzctOGYyNTkwMWE5MTJkXkEyXkFqcGdeQXVyNzkwMjQ5NzM@._V1_QL75_UY207_CR0,0,140,207_.jpg",8.3,1.1M,https://www.imdb.com/title/tt0112573,109
79,Avengers: Endgame,tt4154796,2019,3h 1m,PG-13,"https://m.media-amazon.com/images/M/MV5BMTc5MDE2ODcwNV5BMl5BanBnXkFtZTgwMzI2NzQ2NzM@._V1_QL75_UX140_CR0,0,140,207_.jpg",8.4,1.2M,https://www.imdb.com/title/tt4154796,
80,Joker,tt7286456,2019,2h 2m,R,"https://m.media-amazon.com/images/M/MV5BNGVjNWI4ZGUtNzE0MS00YTJmLWE0ZDctN2ZiYTk2YmI3NTYyXkEyXkFqcGdeQXVyMTkxNjUyNQ@@._V1_QL75_UX140_CR0,0,140,207_.jpg",8.4,1.4M,https://www.imdb.com/title/tt7286456,179
81,Mononoke-hime,tt0119698,1997,2h 14m,PG-13,"https://m.media-amazon.com/images/M/MV5BNTZkYmI0MmEtNGFlZC00OWZjLWFjMmItMjk1OWZkOWJiZGVjXkEyXkFqcGdeQXVyMTMxODk2OTU@._V1_QL75_UX140_CR0,1,140,207_.jpg",8.3,415K,https://www.imdb.com/title/tt0119698,113
82,Good Will Hunting,tt0119217,1997,2h 6m,R,"https://m.media-amazon.com/images/M/MV5BOTI0MzcxMTYtZDVkMy00NjY1LTgyMTYtZmUxN2M3NmQ2NWJhXkEyXkFqcGdeQXVyMTQxNzMzNDI@._V1_QL75_UX140_CR0,3,140,207_.jpg",8.3,1M,https://www.imdb.com/title/tt0119217,84
83,Once Upon a Time in America,tt0087843,1984,3h 49m,R,"https://m.media-amazon.com/images/M/MV5BMmQzZjdmZDAtOGE2Yy00MmUwLTljYzgtZTMwMjk3ZDdiOWUyXkEyXkFqcGdeQXVyNjc5NjEzNA@@._V1_QL75_UX140_CR0,1,140,207_.jpg",8.3,367K,https://www.imdb.com/title/tt0087843,90
84,Kimi no na wa,tt5311514,2016,1h 46m,TV-PG,"https://m.media-amazon.com/images/M/MV5BODRmZDVmNzUtZDA4ZC00NjhkLWI2M2UtN2M0ZDIzNDcxYThjL2ltYWdlXkEyXkFqcGdeQXVyNTk0MzMzODA@._V1_QL75_UX140_CR0,0,140,207_.jpg",8.4,299K,https://www.imdb.com/title/tt5311514,163
85,3 Idiots,tt1187043,2009,2h 50m,PG-13,"https://m.media-amazon.com/images/M/MV5BNTkyOGVjMGEtNmQzZi00NzFlLTlhOWQtODYyMDc2ZGJmYzFhXkEyXkFqcGdeQXVyNjU0OTQ0OTY@._V1_QL75_UY207_CR2,0,140,207_.jpg",8.4,418K,https://www.imdb.com/title/tt1187043,14
86,Tengoku to jigoku,tt0057565,1963,2h 23m,Not Rated,"https://m.media-amazon.com/images/M/MV5BOTI4NTNhZDMtMWNkZi00MTRmLWJmZDQtMmJkMGVmZTEzODlhXkEyXkFqcGdeQXVyNjc1NTYyMjg@._V1_QL75_UX140_CR0,1,140,207_.jpg",8.4,50K,https://www.imdb.com/title/tt0057565,
87,Singin' in the Rain,tt0045152,1952,1h 43m,G,"https://m.media-amazon.com/images/M/MV5BZDRjNGViMjQtOThlMi00MTA3LThkYzQtNzJkYjBkMGE0YzE1XkEyXkFqcGdeQXVyNDYyMDk5MTU@._V1_QL75_UY207_CR1,0,140,207_.jpg",8.3,253K,https://www.imdb.com/title/tt0045152,182
88,Requiem for a Dream,tt0180093,2000,1h 42m,Unrated,"https://m.media-amazon.com/images/M/MV5BOTdiNzJlOWUtNWMwNS00NmFlLWI0YTEtZmI3YjIzZWUyY2Y3XkEyXkFqcGdeQXVyNjU0OTQ0OTY@._V1_QL75_UX140_CR0,1,140,207_.jpg",8.3,875K,https://www.imdb.com/title/tt0180093,
89,Capharnaüm,tt8267604,2018,2h 6m,R,"https://m.media-amazon.com/images/M/MV5BMjJkMDUyM2YtYzkxNC00ZGFiLTgyYWUtOWNhNTFlM2NhY2NjXkEyXkFqcGdeQXVyNTk4MTA5OTg@._V1_QL75_UX140_CR0,2,140,207_.jpg",8.4,99K,https://www.imdb.com/title/tt8267604,39
90,Toy Story 3,tt0435761,2010,1h 43m,G,"https://m.media-amazon.com/images/M/MV5BMTgxOTY4Mjc0MF5BMl5BanBnXkFtZTcwNTA4MDQyMw@@._V1_QL75_UY207_CR3,0,140,207_.jpg",8.3,869K,https://www.imdb.com/title/tt0435761,138
91,Idi i smotri,tt0091251,1985,2h 22m,Not Rated,"https://m.media-amazon.com/images/M/MV5BODM4Njg0NTAtYjI5Ny00ZjAxLTkwNmItZTMxMWU5M2U3M2RjXkEyXkFqcGdeQXVyNzkwMjQ5NzM@._V1_QL75_UX140_CR0,4,140,207_.jpg",8.4,90K,https://www.imdb.com/title/tt0091251,
92,Star Wars: Episode VI - Return of the Jedi,tt0086190,1983,2h 11m,PG,"https://m.media-amazon.com/images/M/MV5BOWZlMjFiYzgtMTUzNC00Y2IzLTk1NTMtZmNhMTczNTk0ODk1XkEyXkFqcGdeQXVyNTAyODkwOQ@@._V1_QL75_UX140_CR0,5,140,207_.jpg",8.3,1.1M,https://www.imdb.com/title/tt0086190,
93,Eternal Sunshine of the Spotless Mind,tt0338013,2004,1h 48m,R,"https://m.media-amazon.com/images/M/MV5BMTY4NzcwODg3Nl5BMl5BanBnXkFtZTcwNTEwOTMyMw@@._V1_QL75_UX140_CR0,0,140,207_.jpg",8.3,1M,https://www.imdb.com/title/tt0338013,
94,2001: A Space Odyssey,tt0062622,1968,2h 29m,G,"https://m.media-amazon.com/images/M/MV5BMmNlYzRiNDctZWNhMi00MzI4LThkZTctMTUzMmZkMmFmNThmXkEyXkFqcGdeQXVyNzkwMjQ5NzM@._V1_QL75_UX140_CR0,0,140,207_.jpg",8.3,698K,https://www.imdb.com/title/tt0062622,185
95,Jagten,tt2106476,2012,1h 55m,R,"https://m.media-amazon.com/images/M/MV5BMTg2NDg3ODg4NF5BMl5BanBnXkFtZTcwNzk3NTc3Nw@@._V1_QL75_UY207_CR3,0,140,207_.jpg",8.3,349K,https://www.imdb.com/title/tt2106476,99
96,Reservoir Dogs,tt0105236,1992,1h 39m,R,"https://m.media-amazon.com/images/M/MV5BZmExNmEwYWItYmQzOS00YjA5LTk2MjktZjEyZDE1Y2QxNjA1XkEyXkFqcGdeQXVyMTQxNzMzNDI@._V1_QL75_UX140_CR0,1,140,207_.jpg",8.3,1.1M,https://www.imdb.com/title/tt0105236,
97,Ikiru,tt0044741,1952,2h 23m,Not Rated,"https://m.media-amazon.com/images/M/MV5BYWM1YmZkNTctZDAwNy00ZTY4LWFjMTktYzU4ZjViMmU1OTJmXkEyXkFqcGdeQXVyMTA0MTM5NjI2._V1_QL75_UX140_CR0,1,140,207_.jpg",8.3,84K,https://www.imdb.com/title/tt0044741,
98,Lawrence of Arabia,tt0056172,1962,3h 38m,Approved,"https://m.media-amazon.com/images/M/MV5BYWY5ZjhjNGYtZmI2Ny00ODM0LWFkNzgtZmI1YzA2N2MxMzA0XkEyXkFqcGdeQXVyNjUwNzk3NDc@._V1_QL75_UY207_CR2,0,140,207_.jpg",8.3,306K,https://www.imdb.com/title/tt0056172,
99,Citizen Kane,tt0033467,1941,1h 59m,PG,"https://m.media-amazon.com/images/M/MV5BYjBiOTYxZWItMzdiZi00NjlkLWIzZTYtYmFhZjhiMTljOTdkXkEyXkFqcGdeQXVyNzkwMjQ5NzM@._V1_QL75_UX140_CR0,1,140,207_.jpg",8.3,456K,https://www.imdb.com/title/tt0033467,
100,M - Eine Stadt sucht einen Mörder,tt0022100,1931,1h 57m,Passed,"https://m.media-amazon.com/images/M/MV5BODA4ODk3OTEzMF5BMl5BanBnXkFtZTgwMTQ2ODMwMzE@._V1_QL75_UX140_CR0,1,140,207_.jpg",8.3,164K,https://www.imdb.com/title/tt0022100,
101,The Apartment,tt0053604,1960,2h 5m,Approved,"https://m.media-amazon.com/images/M/MV5BNzkwODFjNzItMmMwNi00MTU5LWE2MzktM2M4ZDczZGM1MmViXkEyXkFqcGdeQXVyNDY2MTk1ODk@._V1_QL75_UX140_CR0,7,140,207_.jpg",8.3,190K,https://www.imdb.com/title/tt0053604,
102,North by Northwest,tt0053125,1959,2h 16m,Approved,"https://m.media-amazon.com/images/M/MV5BZDA3NDExMTUtMDlhOC00MmQ5LWExZGUtYmI1NGVlZWI4OWNiXkEyXkFqcGdeQXVyNjc1NTYyMjg@._V1_QL75_UX140_CR0,2,140,207_.jpg",8.3,339K,https://www.imdb.com/title/tt0053125,
103,Vertigo,tt0052357,1958,2h 8m,PG,"https://m.media-amazon.com/images/M/MV5BYTE4ODEwZDUtNDFjOC00NjAxLWEzYTQtYTI1NGVmZmFlNjdiL2ltYWdlL2ltYWdlXkEyXkFqcGdeQXVyNjc1NTYyMjg@._V1_QL75_UX140_CR0,5,140,207_.jpg",8.3,416K,https://www.imdb.com/title/tt0052357,
104,Double Indemnity,tt0036775,1944,1h 47m,Passed,"https://m.media-amazon.com/images/M/MV5BOTdlNjgyZGUtOTczYi00MDdhLTljZmMtYTEwZmRiOWFkYjRhXkEyXkFqcGdeQXVyNDY2MTk1ODk@._V1_QL75_UX140_CR0,2,140,207_.jpg",8.3,163K,https://www.imdb.com/title/tt0036775,
105,Le fabuleux destin d'Amélie Poulain,tt0211915,2001,2h 2m,R,"https://m.media-amazon.com/images/M/MV5BNDg4NjM1YjMtYmNhZC00MjM0LWFiZmYtNGY1YjA3MzZmODc5XkEyXkFqcGdeQXVyNDk3NzU2MTQ@._V1_QL75_UX140_CR0,1,140,207_.jpg",8.3,778K,https://www.imdb.com/title/tt0211915,119
106,Scarface,tt0086250,1983,2h 50m,18+,"https://m.media-amazon.com/images/M/MV5BNjdjNGQ4NDEtNTEwYS00MTgxLTliYzQtYzE2ZDRiZjFhZmNlXkEyXkFqcGdeQXVyNjU0OTQ0OTY@._V1_QL75_UX140_CR0,1,140,207_.jpg",8.3,884K,https://www.imdb.com/title/tt0086250,
107,Full Metal Jacket,tt0093058,1987,1h 56m,R,"https://m.media-amazon.com/images/M/MV5BNzkxODk0NjEtYjc4Mi00ZDI0LTgyYjEtYzc1NDkxY2YzYTgyXkEyXkFqcGdeQXVyNzkwMjQ5NzM@._V1_QL75_UX140_CR0,1,140,207_.jpg",8.3,770K,https://www.imdb.com/title/tt0093058,
108,A Clockwork Orange,tt0066921,1971,2h 16m,X,"https://m.media-amazon.com/images/M/MV5BMTY3MjM1Mzc4N15BMl5BanBnXkFtZTgwODM0NzAxMDE@._V1_QL75_UX140_CR0,0,140,207_.jpg",8.3,860K,https://www.imdb.com/title/tt0066921,250
109,Incendies,tt1255953,2010,2h 11m,R,"https://m.media-amazon.com/images/M/MV5BMWE3MGYzZjktY2Q5Mi00Y2NiLWIyYWUtMmIyNzA3YmZlMGFhXkEyXkFqcGdeQXVyMTMxODk2OTU@._V1_QL75_UX140_CR0,1,140,207_.jpg",8.3,189K,https://www.imdb.com/title/tt1255953,
110,Heat,tt0113277,1995,2h 50m,R,"https://m.media-amazon.com/images/M/MV5BYjZjNTJlZGUtZTE1Ny00ZDc4LTgwYjUtMzk0NDgwYzZjYTk1XkEyXkFqcGdeQXVyNjU0OTQ0OTY@._V1_QL75_UY207_CR2,0,140,207_.jpg",8.3,693K,https://www.imdb.com/title/tt0113277,
111,Hamilton,tt8503618,2020,2h 40m,PG-13,"https://m.media-amazon.com/images/M/MV5BNjViNWRjYWEtZTI0NC00N2E3LTk0NGQtMjY4NTM3OGNkZjY0XkEyXkFqcGdeQXVyMjUxMTY3ODM@._V1_QL75_UX140_CR0,0,140,207_.jpg",8.3,106K,https://www.imdb.com/title/tt8503618,
112,Up,tt1049413,2009,1h 36m,PG,"https://m.media-amazon.com/images/M/MV5BYjBkM2RjMzItM2M3Ni00N2NjLWE3NzMtMGY4MzE4MDAzMTRiXkEyXkFqcGdeQXVyNDUzOTQ5MjY@._V1_QL75_UX140_CR0,0,140,207_.jpg",8.3,1.1M,https://www.imdb.com/title/tt1049413,35
113,To Kill a Mockingbird,tt0056592,1962,2h 9m,Approved,"https://m.media-amazon.com/images/M/MV5BNmVmYzcwNzMtMWM1NS00MWIyLThlMDEtYzUwZDgzODE1NmE2XkEyXkFqcGdeQXVyNzkwMjQ5NzM@._V1_QL75_UX140_CR0,3,140,207_.jpg",8.3,326K,https://www.imdb.com/title/tt0056592,
114,The Sting,tt0070735,1973,2h 9m,PG,"https://m.media-amazon.com/images/M/MV5BNGU3NjQ4YTMtZGJjOS00YTQ3LThmNmItMTI5MDE2ODI3NzY3XkEyXkFqcGdeQXVyMjUzOTY1NTc@._V1_QL75_UX140_CR0,3,140,207_.jpg",8.3,273K,https://www.imdb.com/title/tt0070735,
115,Jodaeiye Nader az Simin,tt1832382,2011,2h 3m,PG-13,"https://m.media-amazon.com/images/M/MV5BN2JmMjViMjMtZTM5Mi00ZGZkLTk5YzctZDg5MjFjZDE4NjNkXkEyXkFqcGdeQXVyMTMxODk2OTU@._V1_QL75_UX140_CR0,0,140,207_.jpg",8.3,253K,https://www.imdb.com/title/tt1832382,
116,Indiana Jones and the Last Crusade,tt0097576,1989,2h 7m,PG-13,"https://m.media-amazon.com/images/M/MV5BY2Q0ODg4ZmItNDZiYi00ZWY5LTg2NzctNmYwZjA5OThmNzE1XkEyXkFqcGdeQXVyMjM4MzQ4OTQ@._V1_QL75_UX140_CR0,0,140,207_.jpg",8.2,791K,https://www.imdb.com/title/tt0097576,
117,Metropolis,tt0017136,1927,2h 33m,Not Rated,"https://m.media-amazon.com/images/M/MV5BMTg5YWIyMWUtZDY5My00Zjc1LTljOTctYmI0MWRmY2M2NmRkXkEyXkFqcGdeQXVyMTMxODk2OTU@._V1_QL75_UY207_CR0,0,140,207_.jpg",8.3,181K,https://www.imdb.com/title/tt0017136,
118,Die Hard,tt0095016,1988,2h 12m,R,"https://m.media-amazon.com/images/M/MV5BZjRlNDUxZjAtOGQ4OC00OTNlLTgxNmQtYTBmMDgwZmNmNjkxXkEyXkFqcGdeQXVyNzkwMjQ5NzM@._V1_QL75_UX140_CR0,1,140,207_.jpg",8.2,912K,https://www.imdb.com/title/tt0095016,
119,Ladri di biciclette,tt0040522,1948,1h 29m,Not Rated,"https://m.media-amazon.com/images/M/MV5BNmI1ODdjODctMDlmMC00ZWViLWI5MzYtYzRhNDdjYmM3MzFjXkEyXkFqcGdeQXVyMTMxODk2OTU@._V1_QL75_UY207_CR2,0,140,207_.jpg",8.3,170K,https://www.imdb.com/title/tt0040522,
120,L,tt0119488,1997,2h 18m,R,"https://m.media-amazon.com/images/M/MV5BMDQ2YzEyZGItYWRhOS00MjBmLTkzMDUtMTdjYzkyMmQxZTJlXkEyXkFqcGdeQXVyNjU0OTQ0OTY@._V1_QL75_UY207_CR1,0,140,207_.jpg",8.2,601K,https://www.imdb.com/title/tt0119488,
121,Snatch,tt0208092,2000,1h 44m,R,"https://m.media-amazon.com/images/M/MV5BMTA2NDYxOGYtYjU1Mi00Y2QzLTgxMTQtMWI1MGI0ZGQ5MmU4XkEyXkFqcGdeQXVyNDk3NzU2MTQ@._V1_QL75_UY207_CR1,0,140,207_.jpg",8.2,886K,https://www.imdb.com/title/tt0208092,
122,Taare Zameen Par,tt0986264,2007,2h 45m,PG,"https://m.media-amazon.com/images/M/MV5BYjY0MGU3MmQtMGVhOS00M2IyLWI1MTktZGUxMzBjMTE5ZDA3XkEyXkFqcGdeQXVyNjU0OTQ0OTY@._V1_QL75_UY207_CR2,0,140,207_.jpg",8.3,201K,https://www.imdb.com/title/tt0986264,
123,Taxi Driver,tt0075314,1976,1h 54m,R,"https://m.media-amazon.com/images/M/MV5BM2M1MmVhNDgtNmI0YS00ZDNmLTkyNjctNTJiYTQ2N2NmYzc2XkEyXkFqcGdeQXVyNzkwMjQ5NzM@._V1_QL75_UX140_CR0,3,140,207_.jpg",8.2,885K,https://www.imdb.com/title/tt0075314,
124,1917,tt8579674,2019,1h 59m,R,"https://m.media-amazon.com/images/M/MV5BZGJlODEzYjUtMWVhYS00ZGE5LTg4NzgtY2M2MmYyZjBhNTJiXkEyXkFqcGdeQXVyMzExODEzNDA@._V1_QL75_UY207_CR4,0,140,207_.jpg",8.2,641K,https://www.imdb.com/title/tt8579674,
125,Der Untergang,tt0363163,2004,2h 36m,R,"https://m.media-amazon.com/images/M/MV5BMTU0NTU5NTAyMl5BMl5BanBnXkFtZTYwNzYwMDg2._V1_QL75_UY207_CR1,0,140,207_.jpg",8.2,367K,https://www.imdb.com/title/tt0363163,
126,Dangal,tt5074352,2016,2h 41m,Not Rated,"https://m.media-amazon.com/images/M/MV5BMTQ4MzQzMzM2Nl5BMl5BanBnXkFtZTgwMTQ1NzU3MDI@._V1_QL75_UY207_CR4,0,140,207_.jpg",8.3,202K,https://www.imdb.com/title/tt5074352,40
127,Top Gun: Maverick,tt1745960,2022,2h 10m,PG-13,"https://m.media-amazon.com/images/M/MV5BZWYzOGEwNTgtNWU3NS00ZTQ0LWJkODUtMmVhMjIwMjA1ZmQwXkEyXkFqcGdeQXVyMjkwOTAyMDU@._V1_QL75_UX140_CR0,0,140,207_.jpg",8.3,630K,https://www.imdb.com/title/tt1745960,
128,Per qualche dollaro in più,tt0059578,1965,2h 12m,R,"https://m.media-amazon.com/images/M/MV5BMzJlZTNkYjQtMTE1OS00YTJlLTgxNjItYzg4NTllODdkMzBiXkEyXkFqcGdeQXVyMjUzOTY1NTc@._V1_QL75_UX140_CR0,3,140,207_.jpg",8.2,267K,https://www.imdb.com/title/tt0059578,
129,Batman Begins,tt0372784,2005,2h 20m,PG-13,"https://m.media-amazon.com/images/M/MV5BOTY4YjI2N2MtYmFlMC00ZjcyLTg3YjEtMDQyM2ZjYzQ5YWFkXkEyXkFqcGdeQXVyMTQxNzMzNDI@._V1_QL75_UY207_CR0,0,140,207_.jpg",8.2,1.5M,https://www.imdb.com/title/tt0372784,
130,Some Like It Hot,tt0053291,1959,2h 1m,Passed,"https://m.media-amazon.com/images/M/MV5BNzAyOGIxYjAtMGY2NC00ZTgyLWIwMWEtYzY0OWQ4NDFjOTc5XkEyXkFqcGdeQXVyNjU0OTQ0OTY@._V1_QL75_UX140_CR0,5,140,207_.jpg",8.2,277K,https://www.imdb.com/title/tt0053291,
131,The Kid,tt0012349,1921,1h 8m,Passed,"https://m.media-amazon.com/images/M/MV5BZjhhMThhNDItNTY2MC00MmU1LTliNDEtNDdhZjdlNTY5ZDQ1XkEyXkFqcGdeQXVyNjc1NTYyMjg@._V1_QL75_UX140_CR0,2,140,207_.jpg",8.2,131K,https://www.imdb.com/title/tt0012349,
132,The Wolf of Wall Street,tt0993846,2013,3h,R,"https://m.media-amazon.com/images/M/MV5BMjIxMjgxNTk0MF5BMl5BanBnXkFtZTgwNjIyOTg2MDE@._V1_QL75_UX140_CR0,0,140,207_.jpg",8.2,1.5M,https://www.imdb.com/title/tt0993846,
133,The Father,tt10272386,2020,1h 37m,PG-13,"https://m.media-amazon.com/images/M/MV5BOTFiYjkxYjItNzdjNS00NzY0LTg4NGMtZjRlYWQwOWM2YzUzXkEyXkFqcGdeQXVyNzI1NzMxNzM@._V1_QL75_UX140_CR0,2,140,207_.jpg",8.2,177K,https://www.imdb.com/title/tt10272386,
134,Green Book,tt6966692,2018,2h 10m,PG-13,"https://m.media-amazon.com/images/M/MV5BYzE0ZGVhNGUtYmEzNi00NGM5LWFkMWMtMmQ2NmFhMzQ3N2JhXkEyXkFqcGdeQXVyNTk4MTA5OTg@._V1_QL75_UX140_CR0,7,140,207_.jpg",8.2,535K,https://www.imdb.com/title/tt6966692,53
135,All About Eve,tt0042192,1950,2h 18m,Passed,"https://m.media-amazon.com/images/M/MV5BYmE1M2Y3NTYtYTI0Mi00N2JlLTkzMzItOTY1MTlhNWNkMDgzXkEyXkFqcGdeQXVyMTUzMDUzNTI3._V1_QL75_UX140_CR0,2,140,207_.jpg",8.2,136K,https://www.imdb.com/title/tt0042192,
136,Judgment at Nuremberg,tt0055031,1961,2h 59m,Approved,"https://m.media-amazon.com/images/M/MV5BNDc2ODQ5NTE2MV5BMl5BanBnXkFtZTcwODExMjUyNA@@._V1_QL75_UX140_CR0,1,140,207_.jpg",8.3,82K,https://www.imdb.com/title/tt0055031,
137,The Truman Show,tt0120382,1998,1h 43m,PG,"https://m.media-amazon.com/images/M/MV5BMDIzODcyY2EtMmY2MC00ZWVlLTgwMzAtMjQwOWUyNmJjNTYyXkEyXkFqcGdeQXVyNDk3NzU2MTQ@._V1_QL75_UX140_CR0,0,140,207_.jpg",8.2,1.1M,https://www.imdb.com/title/tt0120382,11
138,There Will Be Blood,tt0469494,2007,2h 38m,R,"https://m.media-amazon.com/images/M/MV5BMjAxODQ4MDU5NV5BMl5BanBnXkFtZTcwMDU4MjU1MQ@@._V1_QL75_UX140_CR0,0,140,207_.jpg",8.2,618K,https://www.imdb.com/title/tt0469494,
139,Ran,tt0089881,1985,2h 42m,R,"https://m.media-amazon.com/images/M/MV5BMmU1NGYwZWYtOWExNi00ZTEyLTgwMmUtM2ZlMDVjNWM4YjVlXkEyXkFqcGdeQXVyMjUzOTY1NTc@._V1_QL75_UX140_CR0,3,140,207_.jpg",8.2,132K,https://www.imdb.com/title/tt0089881,
140,Casino,tt0112641,1995,2h 58m,17,"https://m.media-amazon.com/images/M/MV5BMTcxOWYzNDYtYmM4YS00N2NkLTk0NTAtNjg1ODgwZjAxYzI3XkEyXkFqcGdeQXVyNTA4NzY1MzY@._V1_QL75_UX140_CR0,1,140,207_.jpg",8.2,545K,https://www.imdb.com/title/tt0112641,
141,Shutter Island,tt1130884,2010,2h 18m,R,"https://m.media-amazon.com/images/M/MV5BYzhiNDkyNzktNTZmYS00ZTBkLTk2MDAtM2U0YjU1MzgxZjgzXkEyXkFqcGdeQXVyMTMxODk2OTU@._V1_QL75_UX140_CR0,0,140,207_.jpg",8.2,1.4M,https://www.imdb.com/title/tt1130884,79
142,El laberinto del fauno,tt0457430,2006,1h 58m,R,"https://m.media-amazon.com/images/M/MV5BYzFjMThiMGItOWRlMC00MDI4LThmOGUtYTNlZGZiYWI1YjMyXkEyXkFqcGdeQXVyMjUzOTY1NTc@._V1_QL75_UX140_CR0,1,140,207_.jpg",8.2,688K,https://www.imdb.com/title/tt0457430,
143,The Sixth Sense,tt0167404,1999,1h 47m,PG-13,"https://m.media-amazon.com/images/M/MV5BMWM4NTFhYjctNzUyNi00NGMwLTk3NTYtMDIyNTZmMzRlYmQyXkEyXkFqcGdeQXVyMTAwMzUyOTc@._V1_QL75_UY207_CR0,0,140,207_.jpg",8.2,1M,https://www.imdb.com/title/tt0167404,110
144,Unforgiven,tt0105695,1992,2h 10m,R,"https://m.media-amazon.com/images/M/MV5BODM3YWY4NmQtN2Y3Ni00OTg0LWFhZGQtZWE3ZWY4MTJlOWU4XkEyXkFqcGdeQXVyNjU0OTQ0OTY@._V1_QL75_UX140_CR0,1,140,207_.jpg",8.2,426K,https://www.imdb.com/title/tt0105695,
145,Jurassic Park,tt0107290,1993,2h 7m,PG-13,"https://m.media-amazon.com/images/M/MV5BMjM2MDgxMDg0Nl5BMl5BanBnXkFtZTgwNTM2OTM5NDE@._V1_QL75_UX140_CR0,1,140,207_.jpg",8.2,1M,https://www.imdb.com/title/tt0107290,
146,A Beautiful Mind,tt0268978,2001,2h 15m,PG-13,"https://m.media-amazon.com/images/M/MV5BMzcwYWFkYzktZjAzNC00OGY1LWI4YTgtNzc5MzVjMDVmNjY0XkEyXkFqcGdeQXVyMTQxNzMzNDI@._V1_QL75_UX140_CR0,0,140,207_.jpg",8.2,963K,https://www.imdb.com/title/tt0268978,63
147,The Treasure of the Sierra Madre,tt0040897,1947,2h 6m,Passed,"https://m.media-amazon.com/images/M/MV5BOTJlZWMxYzEtMjlkMS00ODE0LThlM2ItMDI3NGQ2YjhmMzkxXkEyXkFqcGdeQXVyMDI2NDg0NQ@@._V1_QL75_UX140_CR0,2,140,207_.jpg",8.2,130K,https://www.imdb.com/title/tt0040897,
148,Yôjinbô,tt0055630,1961,1h 50m,Not Rated,"https://m.media-amazon.com/images/M/MV5BZThiZjAzZjgtNDU3MC00YThhLThjYWUtZGRkYjc2ZWZlOTVjXkEyXkFqcGdeQXVyNTA4NzY1MzY@._V1_QL75_UX140_CR0,1,140,207_.jpg",8.2,128K,https://www.imdb.com/title/tt0055630,
149,No Country for Old Men,tt0477348,2007,2h 2m,R,"https://m.media-amazon.com/images/M/MV5BMjA5Njk3MjM4OV5BMl5BanBnXkFtZTcwMTc5MTE1MQ@@._V1_QL75_UY207_CR1,0,140,207_.jpg",8.2,1M,https://www.imdb.com/title/tt0477348,
150,Kill Bill: Vol,tt0266697,2003,1h 51m,R,"https://m.media-amazon.com/images/M/MV5BNzM3NDFhYTAtYmU5Mi00NGRmLTljYjgtMDkyODQ4MjNkMGY2XkEyXkFqcGdeQXVyNzkwMjQ5NzM@._V1_QL75_UX140_CR0,1,140,207_.jpg",8.2,1.2M,https://www.imdb.com/title/tt0266697,
151,Monty Python and the Holy Grail,tt0071853,1975,1h 31m,PG,"https://m.media-amazon.com/images/M/MV5BN2IyNTE4YzUtZWU0Mi00MGIwLTgyMmQtMzQ4YzQxYWNlYWE2XkEyXkFqcGdeQXVyNjU0OTQ0OTY@._V1_QL75_UX140_CR0,1,140,207_.jpg",8.2,558K,https://www.imdb.com/title/tt0071853,
152,The Great Escape,tt0057115,1963,2h 52m,Approved,"https://m.media-amazon.com/images/M/MV5BNzA2NmYxMWUtNzBlMC00MWM2LTkwNmQtYTFlZjQwODNhOWE0XkEyXkFqcGdeQXVyNTIzOTk5ODM@._V1_QL75_UX140_CR0,6,140,207_.jpg",8.2,253K,https://www.imdb.com/title/tt0057115,
153,The Thing,tt0084787,1982,1h 49m,16+,"https://m.media-amazon.com/images/M/MV5BNGViZWZmM2EtNGYzZi00ZDAyLTk3ODMtNzIyZTBjN2Y1NmM1XkEyXkFqcGdeQXVyNTAyODkwOQ@@._V1_QL75_UX140_CR0,1,140,207_.jpg",8.2,447K,https://www.imdb.com/title/tt0084787,
154,Rashômon,tt0042876,1950,1h 28m,Not Rated,"https://m.media-amazon.com/images/M/MV5BMjEzMzA4NDE2OF5BMl5BanBnXkFtZTcwNTc5MDI2NQ@@._V1_QL75_UX140_CR0,0,140,207_.jpg",8.2,175K,https://www.imdb.com/title/tt0042876,217
155,Finding Nemo,tt0266543,2003,1h 40m,G,"https://m.media-amazon.com/images/M/MV5BZmYxZjg3OWEtNzg5Yi00M2YzLWI1YzYtYTQ0NTgwNzhjN2E1XkEyXkFqcGdeQXVyNDUyOTg3Njg@._V1_QL75_UX140_CR0,0,140,207_.jpg",8.2,1.1M,https://www.imdb.com/title/tt0266543,
156,The Elephant Man,tt0080678,1980,2h 4m,PG,"https://m.media-amazon.com/images/M/MV5BMDVjNjIwOGItNDE3Ny00OThjLWE0NzQtZTU3YjMzZTZjMzhkXkEyXkFqcGdeQXVyMTQxNzMzNDI@._V1_QL75_UX140_CR0,1,140,207_.jpg",8.2,252K,https://www.imdb.com/title/tt0080678,
157,Chinatown,tt0071315,1974,2h 10m,R,"https://m.media-amazon.com/images/M/MV5BMjJkMDZhYzItZTFhMi00ZGI4LThlNTAtZDNlYmEwNjFkNDYzXkEyXkFqcGdeQXVyMjUzOTY1NTc@._V1_QL75_UX140_CR0,2,140,207_.jpg",8.2,340K,https://www.imdb.com/title/tt0071315,
158,Gone with the Wind,tt0031381,1939,3h 58m,Passed,"https://m.media-amazon.com/images/M/MV5BYjUyZWZkM2UtMzYxYy00ZmQ3LWFmZTQtOGE2YjBkNjA3YWZlXkEyXkFqcGdeQXVyNzkwMjQ5NzM@._V1_QL75_UX140_CR0,3,140,207_.jpg",8.2,326K,https://www.imdb.com/title/tt0031381,34
159,Hauru no ugoku shiro,tt0347149,2004,1h 59m,PG,"https://m.media-amazon.com/images/M/MV5BNmM4YTFmMmItMGE3Yy00MmRkLTlmZGEtMzZlOTQzYjk3MzA2XkEyXkFqcGdeQXVyMTMxODk2OTU@._V1_QL75_UX140_CR0,1,140,207_.jpg",8.2,424K,https://www.imdb.com/title/tt0347149,37
160,V for Vendetta,tt0434409,2005,2h 12m,(Banned),"https://m.media-amazon.com/images/M/MV5BOTI5ODc3NzExNV5BMl5BanBnXkFtZTcwNzYxNzQzMw@@._V1_QL75_UX140_CR0,0,140,207_.jpg",8.2,1.2M,https://www.imdb.com/title/tt0434409,
161,Dial M for Murder,tt0046912,1954,1h 45m,PG,"https://m.media-amazon.com/images/M/MV5BOWIwODIxYWItZDI4MS00YzhhLWE3MmYtMzlhZDIwOTMzZmE5L2ltYWdlXkEyXkFqcGdeQXVyNjc1NTYyMjg@._V1_QL75_UX140_CR0,1,140,207_.jpg",8.2,184K,https://www.imdb.com/title/tt0046912,
162,Spider-Man: No Way Home,tt10872600,2021,2h 28m,PG-13,"https://m.media-amazon.com/images/M/MV5BZWMyYzFjYTYtNTRjYi00OGExLWE2YzgtOGRmYjAxZTU3NzBiXkEyXkFqcGdeQXVyMzQ0MzA0NTM@._V1_QL75_UX140_CR0,0,140,207_.jpg",8.2,831K,https://www.imdb.com/title/tt10872600,
163,Raging Bull,tt0081398,1980,2h 9m,R,"https://m.media-amazon.com/images/M/MV5BYjRmODkzNDItMTNhNi00YjJlLTg0ZjAtODlhZTM0YzgzYThlXkEyXkFqcGdeQXVyNzQ1ODk3MTQ@._V1_QL75_UY207_CR1,0,140,207_.jpg",8.1,369K,https://www.imdb.com/title/tt0081398,
164,"Lock, Stock and Two Smoking Barrels",tt0120735,1998,1h 47m,R,"https://m.media-amazon.com/images/M/MV5BMTAyN2JmZmEtNjAyMy00NzYwLThmY2MtYWQ3OGNhNjExMmM4XkEyXkFqcGdeQXVyNDk3NzU2MTQ@._V1_QL75_UX140_CR0,1,140,207_.jpg",8.1,602K,https://www.imdb.com/title/tt0120735,68
165,El secreto de sus ojos,tt1305806,2009,2h 9m,R,"https://m.media-amazon.com/images/M/MV5BMTgwNTI3OTczOV5BMl5BanBnXkFtZTcwMTM3MTUyMw@@._V1_QL75_UY207_CR0,0,140,207_.jpg",8.2,217K,https://www.imdb.com/title/tt1305806,
166,Inside Out,tt2096673,2015,1h 35m,PG,"https://m.media-amazon.com/images/M/MV5BOTgxMDQwMDk0OF5BMl5BanBnXkFtZTgwNjU5OTg2NDE@._V1_QL75_UX140_CR0,0,140,207_.jpg",8.1,753K,https://www.imdb.com/title/tt2096673,157
167,Prisoners,tt1392214,2013,2h 33m,R,"https://m.media-amazon.com/images/M/MV5BMTg0NTIzMjQ1NV5BMl5BanBnXkFtZTcwNDc3MzM5OQ@@._V1_QL75_UY207_CR0,0,140,207_.jpg",8.1,770K,https://www.imdb.com/title/tt1392214,
168,"Three Billboards Outside Ebbing, Missouri",tt5027774,2017,1h 55m,R,"https://m.media-amazon.com/images/M/MV5BNDUzZDcyYjktNzE1MS00ZWYxLTkwYjUtODNlOGNjYWQ5MGQ5XkEyXkFqcGdeQXVyNTk4MTA5OTg@._V1_QL75_UY207_CR5,0,140,207_.jpg",8.1,536K,https://www.imdb.com/title/tt5027774,165
169,The Bridge on the River Kwai,tt0050212,1957,2h 41m,PG,"https://m.media-amazon.com/images/M/MV5BOGY5NmNlMmQtYzRlYy00NGQ5LWFkYjYtNzExZmQyMTg0ZDA0XkEyXkFqcGdeQXVyNDIzMzcwNjc@._V1_QL75_UX140_CR0,5,140,207_.jpg",8.1,228K,https://www.imdb.com/title/tt0050212,
170,Trainspotting,tt0117951,1996,1h 33m,R,"https://m.media-amazon.com/images/M/MV5BMzA5Zjc3ZTMtMmU5YS00YTMwLWI4MWUtYTU0YTVmNjVmODZhXkEyXkFqcGdeQXVyNjU0OTQ0OTY@._V1_QL75_UX140_CR0,0,140,207_.jpg",8.1,709K,https://www.imdb.com/title/tt0117951,
171,Fargo,tt0116282,1996,1h 38m,R,"https://m.media-amazon.com/images/M/MV5BNDJiZDgyZjctYmRjMS00ZjdkLTkwMTEtNGU1NDg3NDQ0Yzk1XkEyXkFqcGdeQXVyNzkwMjQ5NzM@._V1_QL75_UY207_CR0,0,140,207_.jpg",8.1,703K,https://www.imdb.com/title/tt0116282,
172,Warrior,tt1291584,2011,2h 20m,PG-13,"https://m.media-amazon.com/images/M/MV5BMTk4ODk5MTMyNV5BMl5BanBnXkFtZTcwMDMyNTg0Ng@@._V1_QL75_UX140_CR0,4,140,207_.jpg",8.1,487K,https://www.imdb.com/title/tt1291584,
173,Gran Torino,tt1205489,2008,1h 56m,R,"https://m.media-amazon.com/images/M/MV5BMTc5NTk2OTU1Nl5BMl5BanBnXkFtZTcwMDc3NjAwMg@@._V1_QL75_UY207_CR0,0,140,207_.jpg",8.1,798K,https://www.imdb.com/title/tt1205489,
174,Catch Me If You Can,tt0264464,2002,2h 21m,PG-13,"https://m.media-amazon.com/images/M/MV5BMTY5MzYzNjc5NV5BMl5BanBnXkFtZTYwNTUyNTc2._V1_QL75_UX140_CR0,0,140,207_.jpg",8.1,1M,https://www.imdb.com/title/tt0264464,43
175,Tonari no Totoro,tt0096283,1988,1h 26m,G,"https://m.media-amazon.com/images/M/MV5BYTFhZGFmNDAtMWUxNi00ZThjLTg5MWQtMTA5MWVhMDEyMzg1XkEyXkFqcGdeQXVyMjgyOTI1ODY@._V1_QL75_UY207_CR1,0,140,207_.jpg",8.1,361K,https://www.imdb.com/title/tt0096283,26
176,Million Dollar Baby,tt0405159,2004,2h 12m,PG-13,"https://m.media-amazon.com/images/M/MV5BMTkxNzA1NDQxOV5BMl5BanBnXkFtZTcwNTkyMTIzMw@@._V1_QL75_UY207_CR0,0,140,207_.jpg",8.1,707K,https://www.imdb.com/title/tt0405159,
177,Klaus,tt4729430,2019,1h 36m,PG,"https://m.media-amazon.com/images/M/MV5BMWYwOThjM2ItZGYxNy00NTQwLWFlZWEtM2MzM2Q5MmY3NDU5XkEyXkFqcGdeQXVyMTkxNjUyNQ@@._V1_QL75_UX140_CR0,0,140,207_.jpg",8.2,171K,https://www.imdb.com/title/tt4729430,
178,Harry Potter and the Deathly Hallows: Part 2,tt1201607,2011,2h 10m,PG-13,"https://m.media-amazon.com/images/M/MV5BMGVmMWNiMDktYjQ0Mi00MWIxLTk0N2UtN2ZlYTdkN2IzNDNlXkEyXkFqcGdeQXVyODE5NzE3OTE@._V1_QL75_UX140_CR0,1,140,207_.jpg",8.1,917K,https://www.imdb.com/title/tt1201607,74
179,Bacheha-Ye aseman,tt0118849,1997,1h 29m,PG,"https://m.media-amazon.com/images/M/MV5BZTYwZWQ4ZTQtZWU0MS00N2YwLWEzMDItZWFkZWY0MWVjODVhXkEyXkFqcGdeQXVyNjU0OTQ0OTY@._V1_QL75_UX140_CR0,4,140,207_.jpg",8.2,78K,https://www.imdb.com/title/tt0118849,76
180,Blade Runner,tt0083658,1982,1h 57m,R,"https://m.media-amazon.com/images/M/MV5BNzQzMzJhZTEtOWM4NS00MTdhLTg0YjgtMjM4MDRkZjUwZDBlXkEyXkFqcGdeQXVyNjU0OTQ0OTY@._V1_QL75_UX140_CR0,0,140,207_.jpg",8.1,800K,https://www.imdb.com/title/tt0083658,
181,12 Years a Slave,tt2024544,2013,2h 14m,R,"https://m.media-amazon.com/images/M/MV5BMjExMTEzODkyN15BMl5BanBnXkFtZTcwNTU4NTc4OQ@@._V1_QL75_UX140_CR0,0,140,207_.jpg",8.1,725K,https://www.imdb.com/title/tt2024544,
182,Before Sunrise,tt0112471,1995,1h 41m,R,"https://m.media-amazon.com/images/M/MV5BZDdiZTAwYzAtMDI3Ni00OTRjLTkzN2UtMGE3MDMyZmU4NTU4XkEyXkFqcGdeQXVyNjU0OTQ0OTY@._V1_QL75_UX140_CR0,0,140,207_.jpg",8.1,327K,https://www.imdb.com/title/tt0112471,107
183,The Gold Rush,tt0015864,1925,1h 35m,Passed,"https://m.media-amazon.com/images/M/MV5BZjEyOTE4MzMtNmMzMy00Mzc3LWJlOTQtOGJiNDE0ZmJiOTU4L2ltYWdlXkEyXkFqcGdeQXVyNTAyODkwOQ@@._V1_QL75_UY207_CR6,0,140,207_.jpg",8.1,116K,https://www.imdb.com/title/tt0015864,
184,The Grand Budapest Hotel,tt2278388,2014,1h 39m,R,"https://m.media-amazon.com/images/M/MV5BMzM5NjUxOTEyMl5BMl5BanBnXkFtZTgwNjEyMDM0MDE@._V1_QL75_UX140_CR0,0,140,207_.jpg",8.1,857K,https://www.imdb.com/title/tt2278388,78
185,Ben-Hur,tt0052618,1959,3h 32m,(Banned),"https://m.media-amazon.com/images/M/MV5BNjgxY2JiZDYtZmMwOC00ZmJjLWJmODUtMTNmNWNmYWI5ODkwL2ltYWdlL2ltYWdlXkEyXkFqcGdeQXVyNjc1NTYyMjg@._V1_QL75_UX140_CR0,2,140,207_.jpg",8.1,248K,https://www.imdb.com/title/tt0052618,
186,Gone Girl,tt2267998,2014,2h 29m,R,"https://m.media-amazon.com/images/M/MV5BMTk0MDQ3MzAzOV5BMl5BanBnXkFtZTgwNzU1NzE3MjE@._V1_QL75_UY207_CR0,0,140,207_.jpg",8.1,1M,https://www.imdb.com/title/tt2267998,118
187,Barry Lyndon,tt0072684,1975,3h 5m,PG,"https://m.media-amazon.com/images/M/MV5BNmY0MWY2NDctZDdmMi00MjA1LTk0ZTQtZDMyZTQ1NTNlYzVjXkEyXkFqcGdeQXVyMjUzOTY1NTc@._V1_QL75_UX140_CR0,3,140,207_.jpg",8.1,177K,https://www.imdb.com/title/tt0072684,
188,On the Waterfront,tt0047296,1954,1h 48m,Approved,"https://m.media-amazon.com/images/M/MV5BY2I0MWFiZDMtNWQyYy00Njk5LTk3MDktZjZjNTNmZmVkYjkxXkEyXkFqcGdeQXVyNjc1NTYyMjg@._V1_QL75_UX140_CR0,2,140,207_.jpg",8.1,161K,https://www.imdb.com/title/tt0047296,
189,Hacksaw Ridge,tt2119532,2016,2h 19m,R,"https://m.media-amazon.com/images/M/MV5BZDkyYWNlNzgtODE0MC00MTk1LTg4MjctZWE2ZGVlMzRkMmNkXkEyXkFqcGdeQXVyMjgyNjk3MzE@._V1_QL75_UX140_CR0,19,140,207_.jpg",8.1,567K,https://www.imdb.com/title/tt2119532,158
190,In the Name of the Father,tt0107207,1993,2h 13m,R,"https://m.media-amazon.com/images/M/MV5BMmYyOTgwYWItYmU3Ny00M2E2LTk0NWMtMDVlNmQ0MWZiMTMxXkEyXkFqcGdeQXVyNzkwMjQ5NzM@._V1_QL75_UX140_CR0,1,140,207_.jpg",8.1,182K,https://www.imdb.com/title/tt0107207,
191,The General,tt0017925,1926,1h 18m,Passed,"https://m.media-amazon.com/images/M/MV5BYmRiMDFlYjYtOTMwYy00OGY2LWE0Y2QtYzQxOGNhZmUwNTIxXkEyXkFqcGdeQXVyNzkwMjQ5NzM@._V1_QL75_UX140_CR0,0,140,207_.jpg",8.1,95K,https://www.imdb.com/title/tt0017925,
192,Salinui chueok,tt0353969,2003,2h 11m,Not Rated,"https://m.media-amazon.com/images/M/MV5BOGViNTg4YTktYTQ2Ni00MTU0LTk2NWUtMTI4OTc1YTM0NzQ2XkEyXkFqcGdeQXVyMDM2NDM2MQ@@._V1_QL75_UX140_CR0,0,140,207_.jpg",8.1,203K,https://www.imdb.com/title/tt0353969,93
193,The Deer Hunter,tt0077416,1978,3h 3m,R,"https://m.media-amazon.com/images/M/MV5BNDhmNTA0ZDMtYjhkNS00NzEzLWIzYTItOGNkMTVmYjE2YmI3XkEyXkFqcGdeQXVyNzkwMjQ5NzM@._V1_QL75_UY207_CR0,0,140,207_.jpg",8.1,352K,https://www.imdb.com/title/tt0077416,
194,Smultronstället,tt0050986,1957,1h 31m,Not Rated,"https://m.media-amazon.com/images/M/MV5BYWQxYzdhMDMtNjAyZC00NzE0LWFjYmQtYjk0YzMyYjA5NzZkXkEyXkFqcGdeQXVyMjUzOTY1NTc@._V1_QL75_UX140_CR0,3,140,207_.jpg",8.1,112K,https://www.imdb.com/title/tt0050986,
195,Le salaire de la peur,tt0046268,1953,2h 11m,Not Rated,"https://m.media-amazon.com/images/M/MV5BZDdkNzMwZmUtY2Q5MS00ZmM2LWJhYjItYTBjMWY0MGM4MDRjXkEyXkFqcGdeQXVyNTA4NzY1MzY@._V1_QL75_UY207_CR1,0,140,207_.jpg",8.2,64K,https://www.imdb.com/title/tt0046268,
196,The Third Man,tt0041959,1949,1h 44m,Approved,"https://m.media-amazon.com/images/M/MV5BYjE2OTdhMWUtOGJlMy00ZDViLWIzZjgtYjZkZGZmMDZjYmEyXkEyXkFqcGdeQXVyNzkwMjQ5NzM@._V1_QL75_UX140_CR0,1,140,207_.jpg",8.1,178K,https://www.imdb.com/title/tt0041959,
197,Relatos salvajes,tt3011894,2014,2h 2m,R,"https://m.media-amazon.com/images/M/MV5BNGQzY2Y0MTgtMDA4OC00NjM3LWI0ZGQtNTJlM2UxZDQxZjI0XkEyXkFqcGdeQXVyNDUzOTQ5MjY@._V1_QL75_UY207_CR4,0,140,207_.jpg",8.1,209K,https://www.imdb.com/title/tt3011894,186
198,Sherlock Jr,tt0015324,1924,45m,Passed,"https://m.media-amazon.com/images/M/MV5BZWFhOGU5NDctY2Q3YS00Y2VlLWI1NzEtZmIwY2ZiZjY4OTA2XkEyXkFqcGdeQXVyMDI2NDg0NQ@@._V1_QL75_UX140_CR0,7,140,207_.jpg",8.2,54K,https://www.imdb.com/title/tt0015324,
199,Mad Max: Fury Road,tt1392190,2015,2h,(Banned),"https://m.media-amazon.com/images/M/MV5BN2EwM2I5OWMtMGQyMi00Zjg1LWJkNTctZTdjYTA4OGUwZjMyXkEyXkFqcGdeQXVyMTMxODk2OTU@._V1_QL75_UX140_CR0,0,140,207_.jpg",8.1,1M,https://www.imdb.com/title/tt1392190,216
200,Dead Poets Society,tt0097165,1989,2h 8m,PG,"https://m.media-amazon.com/images/M/MV5BOGYwYWNjMzgtNGU4ZC00NWQ2LWEwZjUtMzE1Zjc3NjY3YTU1XkEyXkFqcGdeQXVyMTQxNzMzNDI@._V1_QL75_UY207_CR0,0,140,207_.jpg",8.1,522K,https://www.imdb.com/title/tt0097165,52
201,Mr,tt0031679,1939,2h 9m,Passed,"https://m.media-amazon.com/images/M/MV5BZTYwYjYxYzgtMDE1Ni00NzU4LWJlMTEtODQ5YmJmMGJhZjI5L2ltYWdlXkEyXkFqcGdeQXVyMDI2NDg0NQ@@._V1_QL75_UX140_CR0,2,140,207_.jpg",8.1,119K,https://www.imdb.com/title/tt0031679,
202,"Monsters, Inc",tt0198781,2001,1h 32m,G,"https://m.media-amazon.com/images/M/MV5BMTY1NTI0ODUyOF5BMl5BanBnXkFtZTgwNTEyNjQ0MDE@._V1_QL75_UX140_CR0,0,140,207_.jpg",8.1,949K,https://www.imdb.com/title/tt0198781,135
203,How to Train Your Dragon,tt0892769,2010,1h 38m,PG,"https://m.media-amazon.com/images/M/MV5BMjA5NDQyMjc2NF5BMl5BanBnXkFtZTcwMjg5ODcyMw@@._V1_QL75_UX140_CR0,0,140,207_.jpg",8.1,775K,https://www.imdb.com/title/tt0892769,130
204,Jaws,tt0073195,1975,2h 4m,PG,"https://m.media-amazon.com/images/M/MV5BMmVmODY1MzEtYTMwZC00MzNhLWFkNDMtZjAwM2EwODUxZTA5XkEyXkFqcGdeQXVyNTAyODkwOQ@@._V1_QL75_UX140_CR0,4,140,207_.jpg",8.1,639K,https://www.imdb.com/title/tt0073195,
205,Mary and Max,tt0978762,2009,1h 32m,Not Rated,"https://m.media-amazon.com/images/M/MV5BMDgzYjQwMDMtNGUzYi00MTRmLWIyMGMtNjE1OGZkNzY2YWIzL2ltYWdlXkEyXkFqcGdeQXVyNjU0OTQ0OTY@._V1_QL75_UY207_CR3,0,140,207_.jpg",8.1,183K,https://www.imdb.com/title/tt0978762,143
206,Det sjunde inseglet,tt0050976,1957,1h 36m,Not Rated,"https://m.media-amazon.com/images/M/MV5BYTdkZWI1Y2EtMmM4ZC00ZDA2LThjNDQtOGU1ODZmZjU2Njc2XkEyXkFqcGdeQXVyNDI5ODE0NDA@._V1_QL75_UY207_CR7,0,140,207_.jpg",8.1,193K,https://www.imdb.com/title/tt0050976,
207,Room,tt3170832,2015,1h 58m,R,"https://m.media-amazon.com/images/M/MV5BMjE4NzgzNzEwMl5BMl5BanBnXkFtZTgwMTMzMDE0NjE@._V1_QL75_UX140_CR0,0,140,207_.jpg",8.1,438K,https://www.imdb.com/title/tt3170832,235
208,Ford v Ferrari,tt1950186,2019,2h 32m,PG-13,"https://m.media-amazon.com/images/M/MV5BM2UwMDVmMDItM2I2Yi00NGZmLTk4ZTUtY2JjNTQ3OGQ5ZjM2XkEyXkFqcGdeQXVyMTA1OTYzOTUx._V1_QL75_UY207_CR0,0,140,207_.jpg",8.1,436K,https://www.imdb.com/title/tt1950186,
209,The Big Lebowski,tt0118715,1998,1h 57m,R,"https://m.media-amazon.com/images/M/MV5BMzliZDk0NjctNjhlOC00MWEyLWI3OWYtNjA5ZDYxMTMzNTc5XkEyXkFqcGdeQXVyNTAyODkwOQ@@._V1_QL75_UY207_CR0,0,140,207_.jpg",8.1,838K,https://www.imdb.com/title/tt0118715,
210,Tôkyô monogatari,tt0046438,1953,2h 16m,Not Rated,"https://m.media-amazon.com/images/M/MV5BYWQ4ZTRiODktNjAzZC00Nzg1LTk1YWQtNDFmNDI0NmZiNGIwXkEyXkFqcGdeQXVyNzkwMjQ5NzM@._V1_QL75_UY207_CR2,0,140,207_.jpg",8.1,66K,https://www.imdb.com/title/tt0046438,
211,Ratatouille,tt0382932,2007,1h 51m,G,"https://m.media-amazon.com/images/M/MV5BMTMzODU0NTkxMF5BMl5BanBnXkFtZTcwMjQ4MzMzMw@@._V1_QL75_UX140_CR0,0,140,207_.jpg",8.1,787K,https://www.imdb.com/title/tt0382932,
212,Rocky,tt0075148,1976,2h,PG,"https://m.media-amazon.com/images/M/MV5BNTBkMjg2MjYtYTZjOS00ODQ0LTg0MDEtM2FiNmJmOGU1NGEwXkEyXkFqcGdeQXVyMjUzOTY1NTc@._V1_QL75_UX140_CR0,3,140,207_.jpg",8.1,609K,https://www.imdb.com/title/tt0075148,
213,Hotel Rwanda,tt0395169,2004,2h 1m,PG-13,"https://m.media-amazon.com/images/M/MV5BZGJjYmIzZmQtNWE4Yy00ZGVmLWJkZGEtMzUzNmQ4ZWFlMjRhXkEyXkFqcGdeQXVyMTMxODk2OTU@._V1_QL75_UY207_CR0,0,140,207_.jpg",8.1,366K,https://www.imdb.com/title/tt0395169,174
214,La passion de Jeanne d'Arc,tt0019254,1928,1h 50m,Passed,"https://m.media-amazon.com/images/M/MV5BNjBjNDJiYTUtOWY0OS00OGVmLTg2YzctMTE0NzVhODM1ZWJmXkEyXkFqcGdeQXVyNjU0OTQ0OTY@._V1_QL75_UX140_CR0,6,140,207_.jpg",8.1,58K,https://www.imdb.com/title/tt0019254,
215,Logan,tt3315342,2017,2h 17m,17,"https://m.media-amazon.com/images/M/MV5BYzc5MTU4N2EtYTkyMi00NjdhLTg3NWEtMTY4OTEyMzJhZTAzXkEyXkFqcGdeQXVyNjc1NTYyMjg@._V1_QL75_UX140_CR0,1,140,207_.jpg",8.1,803K,https://www.imdb.com/title/tt3315342,
216,Platoon,tt0091763,1986,2h,R,"https://m.media-amazon.com/images/M/MV5BMzRjZjdlMjQtODVkYS00N2YzLWJlYWYtMGVlN2E5MWEwMWQzXkEyXkFqcGdeQXVyMTQxNzMzNDI@._V1_QL75_UX140_CR0,6,140,207_.jpg",8.1,428K,https://www.imdb.com/title/tt0091763,
217,Spotlight,tt1895587,2015,2h 9m,R,"https://m.media-amazon.com/images/M/MV5BMjIyOTM5OTIzNV5BMl5BanBnXkFtZTgwMDkzODE2NjE@._V1_QL75_UY207_CR0,0,140,207_.jpg",8.1,489K,https://www.imdb.com/title/tt1895587,
218,The Terminator,tt0088247,1984,1h 47m,R,"https://m.media-amazon.com/images/M/MV5BYTViNzMxZjEtZGEwNy00MDNiLWIzNGQtZDY2MjQ1OWViZjFmXkEyXkFqcGdeQXVyNzkwMjQ5NzM@._V1_QL75_UX140_CR0,1,140,207_.jpg",8.1,900K,https://www.imdb.com/title/tt0088247,
219,Jai Bhim,tt15097216,2021,2h 44m,TV-MA,"https://m.media-amazon.com/images/M/MV5BNzFkM2FhMzQtYjUwZi00N2Y3LWFkZWItMmZmMjQxNGQwZmNhXkEyXkFqcGdeQXVyODEyNjEwMDk@._V1_QL75_UY207_CR13,0,140,207_.jpg",8.8,210K,https://www.imdb.com/title/tt15097216,
220,Before Sunset,tt0381681,2004,1h 20m,R,"https://m.media-amazon.com/images/M/MV5BMTQ1MjAwNTM5Ml5BMl5BanBnXkFtZTYwNDM0MTc3._V1_QL75_UY207_CR0,0,140,207_.jpg",8.1,279K,https://www.imdb.com/title/tt0381681,115
221,Rush,tt1979320,2013,2h 3m,R,"https://m.media-amazon.com/images/M/MV5BOWEwODJmZDItYTNmZC00OGM4LThlNDktOTQzZjIzMGQxODA4XkEyXkFqcGdeQXVyNjU0OTQ0OTY@._V1_QL75_UX140_CR0,0,140,207_.jpg",8.1,499K,https://www.imdb.com/title/tt1979320,
222,Network,tt0074958,1976,2h 1m,R,"https://m.media-amazon.com/images/M/MV5BNzY0NjU5ODUtOTAzMC00NTU5LWJkZjctYWMyOWY2MTZmOWM1XkEyXkFqcGdeQXVyMTI3ODAyMzE2._V1_QL75_UX140_CR0,3,140,207_.jpg",8.1,166K,https://www.imdb.com/title/tt0074958,
223,Stand by Me,tt0092005,1986,1h 29m,R,"https://m.media-amazon.com/images/M/MV5BODJmY2Y2OGQtMDg2My00N2Q3LWJmZTUtYTc2ODBjZDVlNDlhXkEyXkFqcGdeQXVyMTQxNzMzNDI@._V1_QL75_UX140_CR0,6,140,207_.jpg",8.1,426K,https://www.imdb.com/title/tt0092005,
224,The Best Years of Our Lives,tt0036868,1946,2h 50m,Approved,"https://m.media-amazon.com/images/M/MV5BY2RmNTRjYzctODI4Ni00MzQyLWEyNTAtNjU0N2JkMTNhNjJkXkEyXkFqcGdeQXVyNjU0OTQ0OTY@._V1_QL75_UX140_CR0,1,140,207_.jpg",8.1,68K,https://www.imdb.com/title/tt0036868,
225,La haine,tt0113247,1995,1h 38m,Not Rated,"https://m.media-amazon.com/images/M/MV5BOTQxOGU0OWUtMzExYy00ZjIxLWJmMzAtNTI1Y2YxYTMxN2RkXkEyXkFqcGdeQXVyMjUzOTY1NTc@._V1_QL75_UX140_CR0,0,140,207_.jpg",8.1,187K,https://www.imdb.com/title/tt0113247,
226,The Wizard of Oz,tt0032138,1939,1h 42m,G,"https://m.media-amazon.com/images/M/MV5BNjUyMTc4MDExMV5BMl5BanBnXkFtZTgwNDg0NDIwMjE@._V1_QL75_UX140_CR0,1,140,207_.jpg",8.1,416K,https://www.imdb.com/title/tt0032138,
227,Into the Wild,tt0758758,2007,2h 28m,R,"https://m.media-amazon.com/images/M/MV5BNjQ0ODlhMWUtNmUwMS00YjExLWI4MjQtNjVmMmE2Y2E0MGRmXkEyXkFqcGdeQXVyNDk3NzU2MTQ@._V1_QL75_UY207_CR0,0,140,207_.jpg",8.1,643K,https://www.imdb.com/title/tt0758758,
228,The Exorcist,tt0070047,1973,2h 2m,R,"https://m.media-amazon.com/images/M/MV5BYWFlZGY2NDktY2ZjOS00ZWNkLTg0ZDAtZDY4MTM1ODU4ZjljXkEyXkFqcGdeQXVyMjUzOTY1NTc@._V1_QL75_UX140_CR0,3,140,207_.jpg",8.1,431K,https://www.imdb.com/title/tt0070047,
229,Pirates of the Caribbean: The Curse of the Black Pearl,tt0325980,2003,2h 23m,PG-13,"https://m.media-amazon.com/images/M/MV5BNGYyZGM5MGMtYTY2Ni00M2Y1LWIzNjQtYWUzM2VlNGVhMDNhXkEyXkFqcGdeQXVyMTMxODk2OTU@._V1_QL75_UX140_CR0,1,140,207_.jpg",8.1,1.2M,https://www.imdb.com/title/tt0325980,96
230,The Incredibles,tt0317705,2004,1h 55m,PG,"https://m.media-amazon.com/images/M/MV5BMTY5OTU0OTc2NV5BMl5BanBnXkFtZTcwMzU4MDcyMQ@@._V1_QL75_UX140_CR0,0,140,207_.jpg",8.0,778K,https://www.imdb.com/title/tt0317705,
231,To Be or Not to Be,tt0035446,1942,1h 39m,Passed,"https://m.media-amazon.com/images/M/MV5BMGY3ZDgzY2MtNTllNi00ZWI1LTk1NTUtNWEzN2Q4YTA1ZGZiXkEyXkFqcGdeQXVyNzI1NzMxNzM@._V1_QL75_UY207_CR2,0,140,207_.jpg",8.2,41K,https://www.imdb.com/title/tt0035446,
232,Hachi: A Dog's Tale,tt1028532,2009,1h 33m,G,"https://m.media-amazon.com/images/M/MV5BNzE4NDg5OWMtMzg3NC00ZDRjLTllMDMtZTRjNWZmNjBmMGZlXkEyXkFqcGdeQXVyMTMxODk2OTU@._V1_QL75_UY207_CR3,0,140,207_.jpg",8.1,301K,https://www.imdb.com/title/tt1028532,12
233,Groundhog Day,tt0107048,1993,1h 41m,PG,"https://m.media-amazon.com/images/M/MV5BZWIxNzM5YzQtY2FmMS00Yjc3LWI1ZjUtNGVjMjMzZTIxZTIxXkEyXkFqcGdeQXVyNjU0OTQ0OTY@._V1_QL75_UX140_CR0,0,140,207_.jpg",8.0,662K,https://www.imdb.com/title/tt0107048,
234,The Grapes of Wrath,tt0032551,1940,2h 9m,Passed,"https://m.media-amazon.com/images/M/MV5BNzJiOGI2MjctYjUyMS00ZjkzLWE2ZmUtOTg4NTZkOTNhZDc1L2ltYWdlXkEyXkFqcGdeQXVyNjc1NTYyMjg@._V1_QL75_UX140_CR0,0,140,207_.jpg",8.1,98K,https://www.imdb.com/title/tt0032551,
235,Ah-ga-ssi,tt4016934,2016,2h 25m,Not Rated,"https://m.media-amazon.com/images/M/MV5BNDJhYTk2MTctZmVmOS00OTViLTgxNjQtMzQxOTRiMDdmNGRjXkEyXkFqcGdeQXVyMTMxODk2OTU@._V1_QL75_UY207_CR2,0,140,207_.jpg",8.1,162K,https://www.imdb.com/title/tt4016934,
236,La battaglia di Algeri,tt0058946,1966,2h 1m,Not Rated,"https://m.media-amazon.com/images/M/MV5BN2M4YTA4ZTEtN2EyNy00YTlmLWE4YzYtYjYyYjRkMWM4ZDM0XkEyXkFqcGdeQXVyMjUzOTY1NTc@._V1_QL75_UX140_CR0,3,140,207_.jpg",8.1,64K,https://www.imdb.com/title/tt0058946,
237,Babam ve Oglum,tt0476735,2005,1h 52m,Not Rated,"https://m.media-amazon.com/images/M/MV5BNzEzMWYyYjEtNmVjZS00YTAyLWIyOTgtMzEzNzQxMTQzZTgwXkEyXkFqcGdeQXVyMTA0MTM5NjI2._V1_QL75_UX140_CR0,1,140,207_.jpg",8.2,90K,https://www.imdb.com/title/tt0476735,
238,Amores perros,tt0245712,2000,2h 34m,R,"https://m.media-amazon.com/images/M/MV5BZjUxNmEwOGItMTBmYi00MWQ1LWExY2MtNDUxMjI0OWM4M2NiXkEyXkFqcGdeQXVyMjUzOTY1NTc@._V1_QL75_UX140_CR0,1,140,207_.jpg",8.1,248K,https://www.imdb.com/title/tt0245712,
239,Rebecca,tt0032976,1940,2h 10m,Approved,"https://m.media-amazon.com/images/M/MV5BYTcxYWExOTMtMWFmYy00ZjgzLWI0YjktNWEzYzJkZTg0NDdmL2ltYWdlXkEyXkFqcGdeQXVyNjc1NTYyMjg@._V1_QL75_UY207_CR2,0,140,207_.jpg",8.1,143K,https://www.imdb.com/title/tt0032976,
240,Cool Hand Luke,tt0061512,1967,2h 7m,GP,"https://m.media-amazon.com/images/M/MV5BNjcwNTQ3Y2EtMjdmZi00ODBhLWFhNzQtOTc3MWU5NTZlMDViXkEyXkFqcGdeQXVyMjUzOTY1NTc@._V1_QL75_UX140_CR0,4,140,207_.jpg",8.1,185K,https://www.imdb.com/title/tt0061512,
241,The Sound of Music,tt0059742,1965,2h 52m,G,"https://m.media-amazon.com/images/M/MV5BNWFhNjg3YjctMjg2Ny00YjBkLTg5M2EtMTk2MjA1NDY3NzQ2XkEyXkFqcGdeQXVyMTA0MTM5NjI2._V1_QL75_UX140_CR0,1,140,207_.jpg",8.1,249K,https://www.imdb.com/title/tt0059742,71
242,Pather Panchali,tt0048473,1955,2h 5m,Not Rated,"https://m.media-amazon.com/images/M/MV5BNzQwNmYwMTUtZGI2NS00NmEwLWI5MGYtOTdhZTdjZmZjMDM1XkEyXkFqcGdeQXVyNzI1NzMxNzM@._V1_QL75_UX140_CR0,7,140,207_.jpg",8.2,36K,https://www.imdb.com/title/tt0048473,
243,It Happened One Night,tt0025316,1934,1h 45m,Passed,"https://m.media-amazon.com/images/M/MV5BYzJmMWE5NjAtNWMyZS00NmFiLWIwMDgtZDE2NzczYWFhNzIzXkEyXkFqcGdeQXVyNjc1NTYyMjg@._V1_QL75_UX140_CR0,1,140,207_.jpg",8.1,109K,https://www.imdb.com/title/tt0025316,
244,The Iron Giant,tt0129167,1999,1h 26m,PG,"https://m.media-amazon.com/images/M/MV5BYzBjZTNkMzQtZmNkOC00Yzk0LTljMjktZjk3YWVlZjY3NTk2XkEyXkFqcGdeQXVyMTUzMDUzNTI3._V1_QL75_UX140_CR0,0,140,207_.jpg",8.1,216K,https://www.imdb.com/title/tt0129167,
245,The Help,tt1454029,2011,2h 26m,PG-13,"https://m.media-amazon.com/images/M/MV5BMTM5OTMyMjIxOV5BMl5BanBnXkFtZTcwNzU4MjIwNQ@@._V1_QL75_UX140_CR0,0,140,207_.jpg",8.1,479K,https://www.imdb.com/title/tt1454029,
246,Les quatre cents coups,tt0053198,1959,1h 39m,Not Rated,"https://m.media-amazon.com/images/M/MV5BYjZmOWI1NTEtZjczYi00NTZhLTkyZTQtZjAyMWRkNzZkYTE5XkEyXkFqcGdeQXVyMTY3NTY5OTcx._V1_QL75_UY207_CR6,0,140,207_.jpg",8.1,124K,https://www.imdb.com/title/tt0053198,
247,Persona,tt0060827,1966,1h 25m,Not Rated,"https://m.media-amazon.com/images/M/MV5BYmFlOTcxMWUtZTMzMi00NWIyLTkwOTEtNjIxNmViNzc2Yzc1XkEyXkFqcGdeQXVyMjUzOTY1NTc@._V1_QL75_UX140_CR0,3,140,207_.jpg",8.1,127K,https://www.imdb.com/title/tt0060827,
248,Life of Brian,tt0079470,1979,1h 34m,R,"https://m.media-amazon.com/images/M/MV5BMDA1ZWI4ZDItOTRlYi00OTUxLWFlNWQtMzM5NDI0YjA4ZGI2XkEyXkFqcGdeQXVyMjUzOTY1NTc@._V1_QL75_UX140_CR0,3,140,207_.jpg",8.0,414K,https://www.imdb.com/title/tt0079470,
249,Aladdin,tt0103639,1992,1h 30m,G,"https://m.media-amazon.com/images/M/MV5BZTg5ZTVmM2EtZjdhZC00MzBjLWEwZTYtNWIwZDczYzZkMzA4XkEyXkFqcGdeQXVyMTQxNzMzNDI@._V1_QL75_UX140_CR0,5,140,207_.jpg",8.0,448K,https://www.imdb.com/title/tt0103639,
250,Drishyam,tt4430212,2015,2h 43m,Approved,"https://m.media-amazon.com/images/M/MV5BYmJhZmJlYTItZmZlNy00MGY0LTg0ZGMtNWFkYWU5NTA1YTNhXkEyXkFqcGdeQXVyODE5NzE3OTE@._V1_QL75_UY207_CR2,0,140,207_.jpg",8.2,91K,https://www.imdb.com/title/tt4430212,
